,Media Sources,Datetime,Compound,Positive,Neutral,Negative,Tweet Text,Tweets Ago
0,BBC News (World),2018-03-24 01:22:13+00:00,0.0,0.0,1.0,0.0,DR Congo to shun its own donor conference in Geneva https://t.co/6tWXBWJswy,1
1,BBC News (World),2018-03-24 00:42:53+00:00,0.0,0.0,1.0,0.0,A day in the life of India's 'tuberculosis warrior' https://t.co/qKasSZiTEt,2
2,BBC News (World),2018-03-24 00:39:01+00:00,0.0,0.0,1.0,0.0,The evolution of UK-Australia travel into a single flight https://t.co/QsjDxpu78F,3
3,BBC News (World),2018-03-23 23:33:03+00:00,-0.5994,0.0,0.698,0.302,Hamelin Bay: Nearly 150 beached whales die in Australia https://t.co/d0q7VWYwdG,4
4,BBC News (World),2018-03-23 22:18:47+00:00,0.0,0.0,1.0,0.0,Eye-witness says French hostage-taker ran after him https://t.co/XtdbTZYvTs,5
5,BBC News (World),2018-03-23 21:59:00+00:00,-0.8271,0.0,0.749,0.251,RT @BBCNews: A look at the war of words between the UK and Russia following the poisoning of an ex-spy and his daughter in Salisbury https:‚Ä¶,6
6,BBC News (World),2018-03-23 21:48:32+00:00,-0.5994,0.0,0.766,0.234,"RT @bbcworldservice: Yemen's desperate mothers are abandoning their children says Yemeni doctor, Najla Al-Sonboli. Hear the full discussion‚Ä¶",7
7,BBC News (World),2018-03-23 21:14:42+00:00,-0.3612,0.0,0.762,0.238,France shooting: Hostage swap officer 'fighting for life' https://t.co/usU0CHCEcl,8
8,BBC News (World),2018-03-23 20:40:11+00:00,-0.7783,0.0,0.424,0.576,Catalonia crisis: Five separatist leaders detained https://t.co/TGu0H0ALsJ,9
9,BBC News (World),2018-03-23 20:26:03+00:00,-0.8316,0.0,0.506,0.494,France hostage crisis: Moment police closed in on attacker https://t.co/sJmzNLg8Qa,10
10,BBC News (World),2018-03-23 19:16:28+00:00,-0.4939,0.0,0.738,0.262,Mother jailed in France for drowning five newborn babies https://t.co/xwuCrzaQ4L,11
11,BBC News (World),2018-03-23 18:44:32+00:00,0.0,0.0,1.0,0.0,"RT @BBCtrending: Guns, beer and cigarettes: here are the subreddits that are now gone... https://t.co/3QRxABlzGw",12
12,BBC News (World),2018-03-23 18:23:40+00:00,0.0,0.0,1.0,0.0,Half of African species 'face extinction' https://t.co/EndEdlKO9r,13
13,BBC News (World),2018-03-23 18:23:40+00:00,0.0,0.0,1.0,0.0,Elon Musk pulls brands from Facebook https://t.co/4BxPvragQf,14
14,BBC News (World),2018-03-23 16:37:49+00:00,-0.5719,0.0,0.684,0.316,US sanctions Iranian hackers for 'stealing university data' https://t.co/UofiYoWgdq,15
15,BBC News (World),2018-03-23 16:14:43+00:00,-0.4939,0.0,0.714,0.286,Car bomb targets spectators at Afghanistan wrestling match https://t.co/rFwp2eal80,16
16,BBC News (World),2018-03-23 15:37:32+00:00,0.0,0.0,1.0,0.0,China cracks down on video parodies https://t.co/WcfEQBNjHp,17
17,BBC News (World),2018-03-23 13:58:28+00:00,-0.7579,0.0,0.48,0.52,France hostage crisis: Police shoot supermarket gunman https://t.co/Xu97Vw0Fa7,18
18,BBC News (World),2018-03-23 13:56:57+00:00,-0.34,0.0,0.888,0.112,"Donald Trump firing a senior member of his team isn't unusual these days, here's a reminder of who's gone so far‚Ä¶ https://t.co/nnjyNW0ylC",19
19,BBC News (World),2018-03-23 13:43:24+00:00,-0.3182,0.0,0.68,0.32,Poland abortion: Protests against bill imposing new limits https://t.co/MlRkwfNlcZ,20
20,BBC News (World),2018-03-23 13:43:24+00:00,-0.4588,0.0,0.727,0.273,"Reddit: Guns, beer and tobacco transactions now banned https://t.co/494E5Jzs83",21
21,BBC News (World),2018-03-23 13:09:12+00:00,-0.8176,0.0,0.727,0.273,"RT @BBCBreaking: At least two people now feared dead in #Tr√®bes hostage situation, with three more wounded and situation ongoing - French I‚Ä¶",22
22,BBC News (World),2018-03-23 12:27:17+00:00,-0.5574,0.0,0.66,0.34,"Trade wars, Trump tariffs and protectionism explained https://t.co/QGVvXn7PYp",23
23,BBC News (World),2018-03-23 12:14:43+00:00,0.0,0.0,1.0,0.0,"#Tr√®bes: The latest reports from supermarket in France where gunman has taken hostages, with at least one person fe‚Ä¶ https://t.co/ceX3HxZhdU",24
24,BBC News (World),2018-03-23 12:14:32+00:00,0.0,0.0,1.0,0.0,Spanish police break up Nigerian sex trafficking gang https://t.co/swIBGLbYBd,25
25,BBC News (World),2018-03-23 11:53:14+00:00,0.0,0.0,1.0,0.0,Latest on the incident at  #Tr√®bes https://t.co/WagWE23s59 https://t.co/4B7XEHHBYc,26
26,BBC News (World),2018-03-23 11:47:04+00:00,0.5994,0.163,0.837,0.0,"RT @BBCBreaking: What we know so far about hostage situation in #Tr√®bes, France:

- Elite police surrounding Super U shop, gunman inside

-‚Ä¶",27
27,BBC News (World),2018-03-23 11:23:22+00:00,-0.3182,0.0,0.901,0.099,"French media say the man had earlier fired shots at some policemen who were jogging, wounding one of them, but not‚Ä¶ https://t.co/x8t9ahPnPT",28
28,BBC News (World),2018-03-23 11:00:28+00:00,0.0,0.0,1.0,0.0,'Hostages taken' at French supermarket https://t.co/WagWE23s59,29
29,BBC News (World),2018-03-23 10:26:30+00:00,-0.55,0.086,0.669,0.245,"Orphaned and diasabled - meet seven-year-old Syrian boy Mustafa. His tragic life so far hasn't stopped him smiling
https://t.co/9uFG47mtsE",30
30,BBC News (World),2018-03-23 08:10:39+00:00,0.34,0.211,0.789,0.0,John Bolton: Five things new Trump security adviser believes https://t.co/l094LLvukT,31
31,BBC News (World),2018-03-23 07:44:51+00:00,-0.2263,0.0,0.826,0.174,Stephon Clark: Protests over police shooting shut NBA arena https://t.co/1tBPzE7nB1,32
32,BBC News (World),2018-03-23 05:49:15+00:00,0.3182,0.187,0.813,0.0,US Congress passes huge spending bill ahead of shutdown deadline https://t.co/SATow9P80O,33
33,BBC News (World),2018-03-23 05:16:15+00:00,-0.296,0.0,0.784,0.216,Katie Brennan: Australia's AFL accused of gender discrimination https://t.co/0iML7WFsFD,34
34,BBC News (World),2018-03-23 04:42:44+00:00,0.0,0.23,0.473,0.297,The Rio protesters fighting for justice for Marielle Franco https://t.co/36LzJ0pnJT,35
35,BBC News (World),2018-03-23 03:49:46+00:00,0.0,0.0,1.0,0.0,"RT @BBCNewsAsia: South Korea has some of the longest working hours in the world.

So the local government in Seoul is introducing a new ini‚Ä¶",36
36,BBC News (World),2018-03-23 02:30:38+00:00,0.2263,0.16,0.84,0.0,China considers possible tariffs on $3bn worth of US goods https://t.co/rbihRhq3po,37
37,BBC News (World),2018-03-23 02:05:15+00:00,0.5994,0.205,0.795,0.0,RT @BBCNewsAsia: Give a warm Twitter welcome to our new Myanmar correspondent Nick Beake @Beaking_News who will be starting in Yangon. http‚Ä¶,38
38,BBC News (World),2018-03-23 01:49:37+00:00,-0.5994,0.0,0.642,0.358,John Bolton: Bush-era war hawk makes comeback https://t.co/Ct1S4fMaPJ,39
39,BBC News (World),2018-03-23 01:39:49+00:00,0.0,0.0,1.0,0.0,Florida shooting: Why I'm marching on Washington DC https://t.co/Vsm9uGqmlr,40
40,BBC News (World),2018-03-23 01:39:48+00:00,0.0,0.0,1.0,0.0,The Walking Dead's make-up man on the art of gore https://t.co/1x0zyEKy3N,41
41,BBC News (World),2018-03-23 01:04:55+00:00,0.0,0.0,1.0,0.0,Africa's week in pictures: 16-22 March 2018 https://t.co/6uI5PtQY6t,42
42,BBC News (World),2018-03-23 00:51:32+00:00,0.0,0.0,1.0,0.0,Cate Blanchett meets Rohingya child refugees https://t.co/Jxul2zUJJX,43
43,BBC News (World),2018-03-23 00:51:30+00:00,-0.7964,0.0,0.464,0.536,Rosa Parks house: Dispute threatens bitter end to homecoming https://t.co/VuYFIDQQam,44
44,BBC News (World),2018-03-23 00:43:57+00:00,0.4588,0.25,0.75,0.0,Meet the disabled Syrian boy who is always smiling https://t.co/Gu7npqjxvn,45
45,BBC News (World),2018-03-23 00:36:30+00:00,0.0,0.0,1.0,0.0,How DNA can be used to store computer data https://t.co/1TZzKQkSPq,46
46,BBC News (World),2018-03-23 00:30:51+00:00,-0.34,0.0,0.769,0.231,Trump's cabinet: who's next for the firing line? https://t.co/XMtgxh8fTh,47
47,BBC News (World),2018-03-23 00:24:58+00:00,0.1779,0.254,0.746,0.0,Pacific garbage patch 'growing rapidly' https://t.co/YRQSyy5P4y,48
48,BBC News (World),2018-03-23 00:24:58+00:00,0.0,0.0,1.0,0.0,Toys R Us founder Charles Lazarus dies at 94 as his company folds https://t.co/W9A8JHp3BW,49
49,BBC News (World),2018-03-23 00:24:58+00:00,0.0,0.0,1.0,0.0,Origin of 'six-inch mummy' confirmed https://t.co/1OUXCDmQ4B,50
50,BBC News (World),2018-03-22 22:44:19+00:00,-0.6908,0.0,0.513,0.487,Syria war: Eastern Ghouta rebels announce ceasefire https://t.co/Thp46pBbPS,51
51,BBC News (World),2018-03-22 22:34:29+00:00,0.0,0.0,1.0,0.0,Trump replaces McMaster with Bolton https://t.co/KNg4GjKT86,52
52,BBC News (World),2018-03-22 22:18:10+00:00,-0.6705,0.0,0.776,0.224,At least half a million children are being affected by war in Ukraine's Donbass region. One woman is on a mission t‚Ä¶ https://t.co/0DzONJuOHi,53
53,BBC News (World),2018-03-22 21:46:45+00:00,0.25,0.146,0.755,0.099,"The Islamic State group destroyed their library in Mosul, but these sisters are determined to rebuild it https://t.co/RdplMbDkBd",54
54,BBC News (World),2018-03-22 21:03:07+00:00,0.128,0.158,0.842,0.0,Sex doll 'brothel': Xdolls escapes Paris council censure https://t.co/QZM1X7drDN,55
55,BBC News (World),2018-03-22 19:15:59+00:00,0.0,0.0,1.0,0.0,Kenya payout for mother made to deliver on hospital floor https://t.co/PkFKaUlP46,56
56,BBC News (World),2018-03-22 19:15:59+00:00,0.4973,0.376,0.624,0.0,Dapchi kidnap: Government 'will not abandon' lone hostage https://t.co/E0Ltn9dRMA,57
57,BBC News (World),2018-03-22 18:20:44+00:00,0.0,0.0,1.0,0.0,Meet SoFi - the soft robot fish developed by MIT https://t.co/cDDnAX7sT3,58
58,BBC News (World),2018-03-22 18:17:09+00:00,0.5106,0.398,0.602,0.0,Viral teacher's inspirational chalkboard PC https://t.co/T84VYR5KKp,59
59,BBC News (World),2018-03-22 18:15:23+00:00,0.0,0.0,1.0,0.0,RT @bbclaurak: Tusk - EU moving trade debate tomorrow because Trump tariff announcements only just coming through,60
60,BBC News (World),2018-03-22 17:26:48+00:00,0.0,0.0,1.0,0.0,Israeli man fined for urinating on memorial at Auschwitz https://t.co/97RyykWstx,61
61,BBC News (World),2018-03-22 17:20:30+00:00,0.34,0.107,0.893,0.0,"RT @BBCSport: Ireland have been handed a big 2019 World Cup lifeline.

Victory over Afghanistan on Friday will secure them a place.

üëâ http‚Ä¶",62
62,BBC News (World),2018-03-22 16:59:39+00:00,-0.5423,0.0,0.72,0.28,Police video shows fatal shooting of unarmed black man https://t.co/veNxSoMdLg,63
63,BBC News (World),2018-03-22 16:15:47+00:00,0.0,0.0,1.0,0.0,EU and six other countries exempted from US metals tariffs https://t.co/IGSIUW3XDz,64
64,BBC News (World),2018-03-22 15:50:31+00:00,-0.128,0.162,0.631,0.207,Donald Trump's top Russia lawyer John Dowd resigns https://t.co/zrhg8tuw8u,65
65,BBC News (World),2018-03-22 15:40:24+00:00,0.0,0.0,1.0,0.0,"Skating Lake Baikal, the world's deepest lake https://t.co/fLp0IU6jdw",66
66,BBC News (World),2018-03-22 14:55:08+00:00,0.0,0.0,1.0,0.0,Cambridge Analytica taken to court over data storage https://t.co/98vGGTl7Tk,67
67,BBC News (World),2018-03-22 14:54:46+00:00,-0.6705,0.172,0.539,0.29,"Serving six years for killing her abusive ex-partner, Gloria Chochi is hoping for a rare pardon from the Spanish pr‚Ä¶ https://t.co/Swu1dEgJ3g",68
68,BBC News (World),2018-03-22 14:33:39+00:00,0.1779,0.267,0.519,0.215,Ukraine arrests pilot hero Savchenko over 'coup plot' https://t.co/5VQbpFkHDM,69
69,BBC News (World),2018-03-22 14:27:54+00:00,-0.5106,0.0,0.752,0.248,Dapchi kidnap: Nigerian father's pain as daughter flies to Abuja https://t.co/5ffmh4kEY1,70
70,BBC News (World),2018-03-22 14:22:27+00:00,-0.7184,0.0,0.5,0.5,YouTube gun ban drives bloggers to PornHub https://t.co/TCcECpXlER,71
71,BBC News (World),2018-03-22 14:17:41+00:00,0.0,0.0,1.0,0.0,Dutch parliament halted as man jumps from public gallery https://t.co/tZaUQxIvNu,72
72,BBC News (World),2018-03-22 14:17:41+00:00,0.0,0.0,1.0,0.0,Cynthia Nixon and 10 other celebrities who entered politics https://t.co/kVGCHrgeZW,73
73,BBC News (World),2018-03-22 13:49:56+00:00,0.0,0.0,1.0,0.0,Nigerian girls tell of kidnap ordeal https://t.co/f4XspTaAp2,74
74,BBC News (World),2018-03-22 13:37:39+00:00,-0.6249,0.0,0.746,0.254,Meet Louis - the gorilla who walks upright to avoid getting his hands - or food - dirty. ü¶çüçÖüçÖ https://t.co/tpZfzGhMc1,75
75,BBC News (World),2018-03-22 13:37:10+00:00,-0.1531,0.0,0.833,0.167,Miss Venezuela to close temporarily over corruption claims https://t.co/eMOQoeDbtc,76
76,BBC News (World),2018-03-22 13:24:26+00:00,0.0,0.0,1.0,0.0,Austria recalls diplomat from Israel over Nazi shirt https://t.co/NesdwRc0zN,77
77,BBC News (World),2018-03-22 13:21:44+00:00,0.4854,0.187,0.813,0.0,"RT @BBC_HaveYourSay: Iran Supreme Leader Ali Khamenei is telling his people to support Iranian products, but Twitter responds with a photo‚Ä¶",78
78,BBC News (World),2018-03-22 13:16:07+00:00,-0.3182,0.0,0.753,0.247,Iranian officials mocked for using foreign products https://t.co/akjRMAbD9U,79
79,BBC News (World),2018-03-22 12:44:28+00:00,0.2263,0.192,0.808,0.0,Tennessee grants $1 million to wrongly convicted man https://t.co/2OVUvE0UEJ,80
80,BBC News (World),2018-03-22 12:28:36+00:00,-0.1779,0.115,0.743,0.141,"RT @BBCSteveR: Commenting on the Skripal poisoning, one Russian paper today resorts to black humour:
The phone rings in Downing Street. 
-‚Ä¶",81
81,BBC News (World),2018-03-22 11:44:32+00:00,-0.296,0.0,0.833,0.167,South Korea to shut off computers to stop people working late https://t.co/EM7AtkXQNi,82
82,BBC News (World),2018-03-22 11:20:53+00:00,0.3818,0.224,0.776,0.0,Florida school shooting students told to wear clear backpacks https://t.co/MjGowxfchq,83
83,BBC News (World),2018-03-22 10:59:32+00:00,-0.6908,0.0,0.584,0.416,Syria war: Rebels 'begin leaving key Eastern Ghouta town' https://t.co/gQ0uQjCp3l,84
84,BBC News (World),2018-03-22 10:37:31+00:00,0.0,0.0,1.0,0.0,Deadly blast at Czech chemical plant https://t.co/LROFE8ejLO,85
85,BBC News (World),2018-03-22 10:29:12+00:00,-0.4549,0.0,0.729,0.271,Uber self-driving crash: Footage shows moment before impact https://t.co/sv38LCP7ot,86
86,BBC News (World),2018-03-22 09:54:21+00:00,-0.836,0.0,0.47,0.53,Freiburg murder: Afghan jailed for life in Germany https://t.co/cqkwAQbpXw,87
87,BBC News (World),2018-03-22 09:50:00+00:00,0.0,0.0,1.0,0.0,"Curiosity rover: 2,000 days on Mars https://t.co/ZZMhZadyeC",88
88,BBC News (World),2018-03-22 09:30:17+00:00,0.0,0.0,1.0,0.0,Dutch referendum: Spy tapping powers vote too close to call https://t.co/uIuBfhiM7M,89
89,BBC News (World),2018-03-22 09:25:17+00:00,-0.836,0.0,0.47,0.53,Eleven jailed for life over India 'beef' murder https://t.co/jubZMnEFC6,90
90,BBC News (World),2018-03-22 09:25:15+00:00,0.0,0.0,1.0,0.0,UK passports 'to be made in France after Brexit' https://t.co/pw72XL471C,91
91,BBC News (World),2018-03-22 09:25:15+00:00,-0.6249,0.0,0.638,0.362,Rebel Wilson: Australia media firms fail in defamation case bid https://t.co/q9T71wtAMU,92
92,BBC News (World),2018-03-22 09:25:15+00:00,-0.5859,0.0,0.676,0.324,Theresa May to warn EU leaders of Russian threat to democracy https://t.co/JMRLEigKZL,93
93,BBC News (World),2018-03-22 08:14:29+00:00,0.0,0.0,1.0,0.0,Nicolas Sarkozy: French ex-president says funding probe is 'hell' https://t.co/NxfvEqARLh,94
94,BBC News (World),2018-03-22 07:54:57+00:00,-0.34,0.0,0.769,0.231,'People against gun control haven't been shot at' https://t.co/6ZM0HgbR8s,95
95,BBC News (World),2018-03-22 05:58:17+00:00,0.7506,0.234,0.766,0.0,RT @SallyBundockBBC: This is the maths teacher who became an online star - Eddie Woo. Did you have an inspirational teacher at school? Comm‚Ä¶,96
96,BBC News (World),2018-03-22 02:43:49+00:00,0.5267,0.423,0.577,0.0,The vivacious fighter shaped by the favela https://t.co/dqeP0BfKQw,97
97,BBC News (World),2018-03-22 02:43:47+00:00,0.0,0.0,1.0,0.0,South Africa and the fable of the Guptas https://t.co/fmansjhVUX,98
98,BBC News (World),2018-03-22 02:39:08+00:00,-0.5859,0.122,0.577,0.301,Was Israel prepared to kill a journalist to get to Arafat? https://t.co/IglaoX5Yxw,99
99,BBC News (World),2018-03-22 02:28:53+00:00,0.0,0.0,1.0,0.0,Joseph Mifsud: The mystery professor behind Trump Russia inquiry https://t.co/zfKRRFa5rx,100
100,CBS News,2018-03-24 01:25:01+00:00,0.0,0.0,1.0,0.0,"""The president talks more than any target of any investigation that I've ever participated in,"" Rep. Trey Gowdy say‚Ä¶ https://t.co/QZwV14ZZWN",1
101,CBS News,2018-03-24 01:05:36+00:00,-0.2263,0.0,0.905,0.095,"Rapper Cardi B says she's being taxed 40 percent -- and in an impassioned Instagram video, she's demanding ""receipt‚Ä¶ https://t.co/wv8yuetID5",2
102,CBS News,2018-03-24 00:45:00+00:00,-0.1655,0.0,0.924,0.076,"Jamarion Styles lost his hands as an infant, but as he sinks 3-point shots on the basketball court, he tells‚Ä¶ https://t.co/HNN0aSK2qo",3
103,CBS News,2018-03-24 00:25:01+00:00,-0.2732,0.103,0.751,0.146,"Iranian hackers are stealing and ""taking credit"" for our work, FBI deputy director says, as nine are slapped with c‚Ä¶ https://t.co/uF667lyGr5",4
104,CBS News,2018-03-24 00:05:01+00:00,-0.4767,0.131,0.612,0.257,"Police killing of 22-year-old Stephon Clark, who was unarmed, brought a second day of largely peaceful protests to‚Ä¶ https://t.co/Eyf3VRs9g0",5
105,CBS News,2018-03-23 23:45:01+00:00,-0.2263,0.0,0.905,0.095,"Sheriff remains defiant amid claims that he turned an Alabama jail into his personal piggy bank, pocketing leftover‚Ä¶ https://t.co/SP5MQE7MXQ",6
106,CBS News,2018-03-23 23:25:00+00:00,0.4404,0.228,0.664,0.108,"Earth is losing plants, animals and clean water at a dramatic rate, according to four new United Nations scientific‚Ä¶ https://t.co/fxg0L7KFed",7
107,CBS News,2018-03-23 23:05:01+00:00,0.0,0.0,1.0,0.0,Philadelphia Eagles player Michael Bennett indicted for allegedly shoving paraplegic worker when he tried to get on‚Ä¶ https://t.co/7qq0dAN96a,8
108,CBS News,2018-03-23 23:02:27+00:00,0.128,0.186,0.688,0.126,"RT @CBSEveningNews: A basketball player may have had an unfair advantage over the competition--a bigger heart, and stronger will than anyon‚Ä¶",9
109,CBS News,2018-03-23 22:58:31+00:00,-0.8658,0.0,0.697,0.303,"After American family is found dead in vacation condo, the tragedy is the latest in a list of concerns about the sa‚Ä¶ https://t.co/fvJLFeYLS1",10
110,CBS News,2018-03-23 22:56:13+00:00,0.0,0.0,1.0,0.0,"""As the sheriff pockets tax dollars, the median income in Etowah County is $40,000,"" CBS News' Mark Strassman repor‚Ä¶ https://t.co/uF6sPdpvd4",11
111,CBS News,2018-03-23 22:54:05+00:00,-0.1531,0.098,0.781,0.121,"CBS News' Mark Strassman: ""Do you agree that the optics of this are terrible? 
Alabama sheriff who used more than $‚Ä¶ https://t.co/O3r4kNsH7S",12
112,CBS News,2018-03-23 22:52:44+00:00,0.0,0.0,1.0,0.0,"""This is a jail -- this is not a bed and breakfast,"" says sheriff who purchased beach house with funds meant for in‚Ä¶ https://t.co/O2z6xh50uV",13
113,CBS News,2018-03-23 22:48:30+00:00,0.3182,0.103,0.897,0.0,"""The original goal of #neveragain was to make one center where we could all be together and grieve,"" Stoneman Dougl‚Ä¶ https://t.co/BhKEFSqsYZ",14
114,CBS News,2018-03-23 22:43:07+00:00,-0.4939,0.0,0.802,0.198,"Pres. Trump's ""protests ignored the fact the White House and Republicans who control Congress led negotiations on t‚Ä¶ https://t.co/W6g1NMpGbD",15
115,CBS News,2018-03-23 22:41:31+00:00,0.0,0.0,1.0,0.0,"""Nine Iranian men now wanted by the FBI are allegedly the hackers for hire behind a massive cyber theft campaign ba‚Ä¶ https://t.co/OrsAGVgG2g",16
116,CBS News,2018-03-23 22:39:31+00:00,0.0,0.0,1.0,0.0,"During Friday's supermarket standoff, the assailant ""let all the hostages go, except one woman he kept as a human s‚Ä¶ https://t.co/mL2IsMtOd3",17
117,CBS News,2018-03-23 22:36:31+00:00,-0.34,0.0,0.888,0.112,"Stephon Clark was shot holding a cell phone, which police say they thought was a gun, CBS News' John Blackstone rep‚Ä¶ https://t.co/efEDfevuGm",18
118,CBS News,2018-03-23 22:34:21+00:00,0.4215,0.208,0.708,0.084,"Protests continue in Sacramento, as marchers say they want justice after police officers shot a black man to death;‚Ä¶ https://t.co/sURPUFoqM3",19
119,CBS News,2018-03-23 22:31:29+00:00,0.4404,0.112,0.888,0.0,"RT @CBSEveningNews: We‚Äôre on the air in the East. @JeffGlor is live from Studio 57 in NYC

Thanks for being with us #OriginalReporting #CBS‚Ä¶",20
120,CBS News,2018-03-23 22:25:00+00:00,-0.0516,0.148,0.696,0.157,"Department of Justice officially proposes a change to federal regulations to ban bump stock devices, AG Jeff Sessio‚Ä¶ https://t.co/pSmfwlDOvG",21
121,CBS News,2018-03-23 22:05:01+00:00,0.0,0.0,1.0,0.0,Elon Musk joins #DeleteFacebook campaign that has expanded since it became known that Cambridge Analytica acquired‚Ä¶ https://t.co/OeHmFhBEpj,22
122,CBS News,2018-03-23 21:45:01+00:00,0.0,0.0,1.0,0.0,"Investigators are searching the London offices of Cambridge Analytica, the analytics firm at the center of the Face‚Ä¶ https://t.co/OfzMC3u9pm",23
123,CBS News,2018-03-23 21:25:01+00:00,-0.7964,0.0,0.728,0.272,"Mounting fear of an incipient global trade war is sending stocks into a tailspin; on Friday, the Dow was down more‚Ä¶ https://t.co/FxCXtCh7lj",24
124,CBS News,2018-03-23 21:05:01+00:00,-0.3919,0.112,0.71,0.178,Injuries that killed a Penn State fraternity pledge last year might not have been fatal if fraternity members had s‚Ä¶ https://t.co/93eRRLJ4do,25
125,CBS News,2018-03-23 20:45:05+00:00,-0.8271,0.0,0.686,0.314,"Family of four from Iowa found dead in Mexico after being reported missing, police say; there were no signs of foul‚Ä¶ https://t.co/sdqF4eTWxr",26
126,CBS News,2018-03-23 20:11:51+00:00,0.3182,0.113,0.887,0.0,Cambridge Analytica's acting CEO has apologized for actions that led to 50 million Americans' personal data being m‚Ä¶ https://t.co/FVT9KDW0pP,27
127,CBS News,2018-03-23 19:40:52+00:00,0.0,0.0,1.0,0.0,"Ahead of Saturday's ""March for Our Lives,"" students at a Dallas high school walked out of their classrooms Friday i‚Ä¶ https://t.co/UKzSrFPHcZ",28
128,CBS News,2018-03-23 19:10:01+00:00,-0.7184,0.0,0.739,0.261,"A teenage girl who was shot when a classmate opened fire inside their Maryland high school has died, authorities sa‚Ä¶ https://t.co/z7Vldibepu",29
129,CBS News,2018-03-23 18:50:01+00:00,0.6908,0.391,0.508,0.102,"Sacramento Kings owner says the team respects ""people's abilities to protest peacefully"" https://t.co/u94evjlqxM https://t.co/NwLiGh5mrm",30
130,CBS News,2018-03-23 18:30:01+00:00,0.0,0.0,1.0,0.0,A French policeman was shot by a gunman Friday after swapping himself for a hostage in a siege at a supermarket‚Ä¶ https://t.co/EjMQNOGlkP,31
131,CBS News,2018-03-23 18:10:01+00:00,0.0,0.0,1.0,0.0,Elon Musk is the latest to jump on the #DeleteFacebook bandwagon -- the Facebook pages of SpaceX and Tesla have van‚Ä¶ https://t.co/6bXVzsTiIC,32
132,CBS News,2018-03-23 17:51:49+00:00,-0.2617,0.0,0.898,0.102,"""The president may say he's disappointed, but it reflects the exact negotiating position his White House took with‚Ä¶ https://t.co/SEDvvX47VQ",33
133,CBS News,2018-03-23 17:49:34+00:00,-0.1272,0.0,0.93,0.07,"Pres. Trump: ""I looked very seriously at the veto. I was thinking about doing the veto, but because of the incredib‚Ä¶ https://t.co/czIgSwL6gD",34
134,CBS News,2018-03-23 17:43:14+00:00,-0.7774,0.0,0.715,0.285,"Pres. Trump: ""While we're very disappointed in the $1.3 trillion, nobody more disappointed than me because the numb‚Ä¶ https://t.co/vxddcqhLGa",35
135,CBS News,2018-03-23 17:34:46+00:00,0.0258,0.052,0.948,0.0,"""To prevent the omnibus situation from ever happening again, I'm calling on Congress to give me a line item veto fo‚Ä¶ https://t.co/mSEAvfVk9j",36
136,CBS News,2018-03-23 17:32:35+00:00,0.3612,0.102,0.898,0.0,"Pres. Trump: ""I say to Congress, I will never sign another bill like this again. I'm not going to do it again. Nobo‚Ä¶ https://t.co/EQ1T5g66k0",37
137,CBS News,2018-03-23 17:31:48+00:00,0.3612,0.171,0.829,0.0,"Pres. Trump: ""Therefore, as a matter of national security, I've signed this omnibus budget bill. There are a lot of‚Ä¶ https://t.co/9EjJ3KkuaA",38
138,CBS News,2018-03-23 17:30:26+00:00,0.4404,0.132,0.868,0.0,"""My highest duty is to keep America safe, nothing more important,"" Pres. Trump says. ""The omnibus bill reverses thi‚Ä¶ https://t.co/1k7ykc9psM",39
139,CBS News,2018-03-23 17:28:16+00:00,-0.4357,0.0,0.88,0.12,"Pres. Trump says ""we're going to get on to this ridiculous situation that took place over the last week,"" ahead of‚Ä¶ https://t.co/cCG9CrMgms",40
140,CBS News,2018-03-23 17:26:02+00:00,0.0085,0.15,0.701,0.149,SPECIAL REPORT: Pres. Trump will sign $1.3 trillion omnibus spending bill after threatening to veto the measure‚Ä¶ https://t.co/Llu8Q0etNr,41
141,CBS News,2018-03-23 17:09:30+00:00,-0.5267,0.0,0.848,0.152,"UPDATE: Pres. Trump will sign omnibus spending bill at White House, after threatening to veto the measure on Friday‚Ä¶ https://t.co/JbXfQf1N5O",42
142,CBS News,2018-03-23 17:02:27+00:00,0.0,0.0,1.0,0.0,"NEW: Pres. Trump expected to sign omnibus spending bill at 1 p.m. ET event, @MajorCBS confirms with congressional a‚Ä¶ https://t.co/TgMO0v87i2",43
143,CBS News,2018-03-23 16:50:03+00:00,-0.7003,0.0,0.756,0.244,"One of the Austin bombing suspect's roommates was kept in custody until after the suspect died, the roommate's mom‚Ä¶ https://t.co/NH4OSOcWFk",44
144,CBS News,2018-03-23 16:30:01+00:00,0.4215,0.167,0.833,0.0,"Las Vegas gunman Stephen Paddock showed ""true mark of a sociopath,"" retired police lieutenant says‚Ä¶ https://t.co/5WauxgckGh",45
145,CBS News,2018-03-23 16:10:01+00:00,-0.4588,0.0,0.789,0.211,"U.S. drops charges against 7 of Turkish President Erdogan's guards who allegedly beat up protesters in Washington,‚Ä¶ https://t.co/hEituBcBUC",46
146,CBS News,2018-03-23 15:50:02+00:00,-0.6808,0.091,0.606,0.303,"No foul play is suspected in the death of a St. Joseph's University freshman in Bermuda, pathologist says; the 19-y‚Ä¶ https://t.co/6W7s62YtVj",47
147,CBS News,2018-03-23 15:30:02+00:00,-0.2263,0.0,0.881,0.119,How one tweet offering a home to young protesters coming to Washington started a movement: https://t.co/MagFNYF0pU https://t.co/gDQfwSw9XR,48
148,CBS News,2018-03-23 15:10:02+00:00,0.0,0.0,1.0,0.0,"Prince Harry and Meghan Markle's official wedding invitations are in the mail, Kensington Palace says‚Ä¶ https://t.co/Psl4hXezhr",49
149,CBS News,2018-03-23 15:07:27+00:00,0.0,0.0,1.0,0.0,ISIS is now claiming responsibility for the hostage situation in southern France. Police say a gunman was shot and‚Ä¶ https://t.co/vnBHBopMbI,50
150,CBS News,2018-03-23 14:54:46+00:00,-0.1027,0.0,0.928,0.072,"Hard numbers:
‚ñ™Ô∏è 3: POTUS has¬†requested a 3-year extension¬†of ‚Äútrade promotion authority‚Äù
‚ñ™Ô∏è 160: South Korea¬†wants‚Ä¶ https://t.co/37HyDDlPM6",51
151,CBS News,2018-03-23 14:50:01+00:00,0.0,0.0,1.0,0.0,"Deputy Attorney General Rod Rosenstein announces indictment of Iranians for ""conspiring"" to hack U.S. entities‚Ä¶ https://t.co/Hu4SbDMGpw",52
152,CBS News,2018-03-23 14:46:41+00:00,-0.6597,0.122,0.63,0.248,There are growing fears of a trade war between the U.S. and China. President Trump signed a measure to slap China w‚Ä¶ https://t.co/85IQbRQhEN,53
153,CBS News,2018-03-23 14:30:02+00:00,-0.4215,0.0,0.859,0.141,U.S. stocks regained their footing Friday morning after plunging on Thursday amid fears of a U.S.-China trade war‚Ä¶ https://t.co/iicMraLmcX,54
154,CBS News,2018-03-23 14:18:08+00:00,-0.4404,0.0,0.83,0.17,"RT @CBSThisMorning: Tomorrow, students will take the streets for #MarchforOurLives as they demand an end to school shootings and gun violen‚Ä¶",55
155,CBS News,2018-03-23 14:11:58+00:00,0.0,0.0,1.0,0.0,"MORE: France's Interior Ministry and police union confirm officers raided the grocery store in southern France, kil‚Ä¶ https://t.co/GdI7D75XVD",56
156,CBS News,2018-03-23 13:59:54+00:00,-0.6486,0.0,0.815,0.185,"UPDATE: The man who took hostages in a French supermarket is dead, reports say. The French president says the incid‚Ä¶ https://t.co/A8SnHrOsId",57
157,CBS News,2018-03-23 13:39:27+00:00,0.0,0.0,1.0,0.0,"""At this point in time, we will not provide any figures. The Paris public prosecutor will shortly provide developme‚Ä¶ https://t.co/vB3OjeAqrS",58
158,CBS News,2018-03-23 13:35:38+00:00,0.0,0.0,1.0,0.0,WATCH LIVE: French President Macron addresses hostage situation in southern France https://t.co/LjIkIDkdTc https://t.co/c0lYPdCYS5,59
159,CBS News,2018-03-23 13:27:00+00:00,-0.6705,0.0,0.809,0.191,"UPDATE: France's Interior Ministry confirms that two people were killed in the store in southern France, and the si‚Ä¶ https://t.co/yelJy0aYPS",60
160,CBS News,2018-03-23 13:14:40+00:00,-0.8316,0.0,0.614,0.386,"MORE: President Trump's veto threat suddenly makes a government shutdown, which seemed to be a crisis averted early‚Ä¶ https://t.co/KxTYAgLKh0",61
161,CBS News,2018-03-23 13:01:31+00:00,-0.3182,0.0,0.897,0.103,"NEW: President Trump says he is considering a veto of the omnibus spending bill, citing the lack of a DACA deal and‚Ä¶ https://t.co/z1KxIgEosd",62
162,CBS News,2018-03-23 12:48:08+00:00,-0.6705,0.0,0.83,0.17,Yves Lefebvre of the French police union tells the AP that the gunman shot and killed 1 person as he entered the su‚Ä¶ https://t.co/3PvBnovFGz,63
163,CBS News,2018-03-23 12:45:52+00:00,0.0,0.0,1.0,0.0,"French Prime Minister Edouard Philippe says the information available suggests the incident in southern France ""see‚Ä¶ https://t.co/TJ7oTahVUP",64
164,CBS News,2018-03-23 12:24:52+00:00,0.0,0.0,1.0,0.0,"NEW: President Trump has been informed of the situation in southern France, White House says https://t.co/LjIkIDkdTc https://t.co/Fa8CV3PEHk",65
165,CBS News,2018-03-23 12:22:41+00:00,0.5023,0.14,0.86,0.0,"Former FBI assistant director Ron Hosko: ""The key question at the front end is, is this a true hostage situation or‚Ä¶ https://t.co/oBYtpYEfPK",66
166,CBS News,2018-03-23 12:17:58+00:00,-0.296,0.0,0.891,0.109,"The suspect is now still inside the supermarket in southern France with another man said to be a policeman,‚Ä¶ https://t.co/gKmntCDsbX",67
167,CBS News,2018-03-23 12:08:58+00:00,0.2617,0.085,0.915,0.0,"At least one witness told French media that a man holding people in the store claimed he was loyal to ISIS, but pol‚Ä¶ https://t.co/ZT0CuObvq6",68
168,CBS News,2018-03-23 12:05:15+00:00,-0.6597,0.0,0.759,0.241,Police say a suspect took people hostage inside a supermarket in southern France. At least one person is feared dea‚Ä¶ https://t.co/zmCWnY4Iss,69
169,CBS News,2018-03-23 11:47:24+00:00,0.4019,0.119,0.881,0.0,".@BBCNews is told there are special forces at the scene in southern France, an operation is ongoing, and that there‚Ä¶ https://t.co/hnLVizhoBl",70
170,CBS News,2018-03-23 11:39:45+00:00,0.0972,0.123,0.77,0.107,Facebook Chief Operating Officer Sheryl Sandberg says she regrets the company did not do more to protect users‚Äô per‚Ä¶ https://t.co/ecZq9blL7Z,71
171,CBS News,2018-03-23 11:35:15+00:00,-0.34,0.0,0.882,0.118,Newly-released surveillance video shows Las Vegas gunman Stephen Paddock in the days before he opened fire from his‚Ä¶ https://t.co/vXRz3LsHhh,72
172,CBS News,2018-03-23 11:32:53+00:00,-0.3384,0.102,0.748,0.149,"RT @CBSThisMorning: ""Defense Sec. Jim Mattis has to be feeling very alone right now. He's one of the lone moderates left at the table in th‚Ä¶",73
173,CBS News,2018-03-23 11:26:01+00:00,0.0,0.0,1.0,0.0,Police are surrounding a supermarket in southern France as a possible hostage-taking situation is reportedly taking‚Ä¶ https://t.co/EfTPUJasCV,74
174,CBS News,2018-03-23 11:20:01+00:00,0.34,0.138,0.862,0.0,Foreign policy hard-liner John Bolton's appointment as U.S. national security adviser comes at a particularly sensi‚Ä¶ https://t.co/bazMS2qunm,75
175,CBS News,2018-03-23 11:18:28+00:00,-0.872,0.0,0.618,0.382,"A massive fire ripped through the set of a movie in NYC, killing a firefighter and badly burning 2 others. It start‚Ä¶ https://t.co/CXJsllIEyh",76
176,CBS News,2018-03-23 11:15:01+00:00,0.0,0.0,1.0,0.0,@FaceTheNation moderator @margbrennan joins @CBSThisMorning from Washington to discuss changes at the White House: https://t.co/gHxem3lTKz,77
177,CBS News,2018-03-23 11:13:25+00:00,-0.5994,0.0,0.849,0.151,China says it is not afraid of a trade war with the U.S. The comments come after President Trump unveiled up to $60‚Ä¶ https://t.co/s31VG2vmFA,78
178,CBS News,2018-03-23 11:11:54+00:00,0.34,0.124,0.876,0.0,President Trump tapped former U.N. ambassador John Bolton to become his third national security adviser. He replace‚Ä¶ https://t.co/yznSCTVFkw,79
179,CBS News,2018-03-23 11:10:23+00:00,0.0,0.0,1.0,0.0,You can watch Stormy Daniels‚Äô interview with @AndersonCooper Sunday on @60Minutes. This is the first and only telev‚Ä¶ https://t.co/CKYqk9Yf2v,80
180,CBS News,2018-03-23 11:06:51+00:00,0.0,0.0,1.0,0.0,Former Playboy model Karen McDougal is speaking out about her alleged affair with Pres. Trump before he took office‚Ä¶ https://t.co/kxXx3jvCwl,81
181,CBS News,2018-03-23 11:00:44+00:00,-0.0258,0.132,0.731,0.137,"A troubled elementary school is turning things around, thanks to an unusual addition to the campus: a law office.‚Ä¶ https://t.co/Dc2jNLUOpg",82
182,CBS News,2018-03-23 11:00:01+00:00,0.3818,0.106,0.894,0.0,"More than 150 whales are stranded in Hamelin Bay in western Australia, and only 15 of them were still alive on Frid‚Ä¶ https://t.co/zrM8I8il5F",83
183,CBS News,2018-03-23 10:47:08+00:00,-0.296,0.0,0.885,0.115,"In 2017, consumers received roughly 18 billion #robocalls. It's the #1 complaint the govt. receives from consumers.‚Ä¶ https://t.co/91HFas926Z",84
184,CBS News,2018-03-23 10:40:01+00:00,0.0,0.0,1.0,0.0,Rep.Trey Gowdy: President Trump's lawyers doing him disservice by framing the Russia investigation as a probe into‚Ä¶ https://t.co/AnBRLmq5V3,85
185,CBS News,2018-03-23 10:35:01+00:00,0.34,0.124,0.876,0.0,"AHEAD: @CBSThisMorning reports from the White House with details on the new National Security Adviser, John Bolton.‚Ä¶ https://t.co/94KOOpw2iO",86
186,CBS News,2018-03-23 10:27:30+00:00,0.6588,0.252,0.748,0.0,"RT @CBSThisMorning: Good morning! Here‚Äôs a preview of what‚Äôs ahead on @CBSThisMorning. 

Join us at beginning at 7 a.m. https://t.co/bdPzba‚Ä¶",87
187,CBS News,2018-03-23 10:20:01+00:00,-0.8689,0.0,0.612,0.388,One firefighter has died and two others were seriously hurt battling a 5-alarm blaze on a movie set in New York Cit‚Ä¶ https://t.co/4pv2ZVBjtM,88
188,CBS News,2018-03-23 10:03:03+00:00,0.0,0.0,1.0,0.0,Report: Coal not declining fast enough to meet goals of the Paris climate accord https://t.co/Acxpe1olbr https://t.co/45Qgqstzs6,89
189,CBS News,2018-03-23 10:02:44+00:00,-0.8074,0.0,0.578,0.422,Trade war with China could hurt these U.S. businesses most https://t.co/AKOcYQbcn6 https://t.co/AkM4LnsRO5,90
190,CBS News,2018-03-23 09:54:03+00:00,0.2421,0.141,0.859,0.0,"OK, you've deleted Facebook, but is your data still out there? https://t.co/a14TrwsFov https://t.co/n4fePWxQdt",91
191,CBS News,2018-03-23 09:48:05+00:00,0.0,0.0,1.0,0.0,Woman takes in dad and newborn who are unable to fly home https://t.co/ZD9aUnARKZ https://t.co/7tF0S7j2cY,92
192,CBS News,2018-03-23 09:33:03+00:00,0.0,0.0,1.0,0.0,"Toxic algae leads Ohio to designate western Lake Erie as ""impaired"" https://t.co/sRjYaIWmen https://t.co/gj23EH3n5H",93
193,CBS News,2018-03-23 09:18:12+00:00,-0.3182,0.0,0.813,0.187,Staged photos of kidnapping revealed at bizarre murder-for-hire trial https://t.co/CQoD3V876t https://t.co/Io0yoSTe1i,94
194,CBS News,2018-03-23 09:03:04+00:00,-0.5106,0.0,0.736,0.264,Lone Nigerian schoolgirl still held captive refused to convert for Boko Haram https://t.co/bgzLjlYM9A https://t.co/EpV0MTccM0,95
195,CBS News,2018-03-23 08:48:05+00:00,0.0,0.0,1.0,0.0,Parents claim hospital let Miccosukee police take newborn baby with bogus court order https://t.co/OiE8wLOq15 https://t.co/TMDTmMF3bk,96
196,CBS News,2018-03-23 08:33:04+00:00,-0.4588,0.193,0.425,0.382,2 U.S. tourists die in helicopter crash on Australia's Great Barrier Reef https://t.co/uLS0ZSdBPM https://t.co/aBbUbnyRqn,97
197,CBS News,2018-03-23 08:18:07+00:00,0.7003,0.392,0.608,0.0,"""Great Pacific Garbage Patch"" is growing rapidly, study reveals https://t.co/s4bUPCx9xH https://t.co/oSEYYzpX6I",98
198,CBS News,2018-03-23 08:03:04+00:00,-0.4767,0.0,0.819,0.181,Feds: Jamaican flight crew member arrested at JFK with cocaine taped to legs https://t.co/lxuodMo6By https://t.co/1weblhcXta,99
199,CBS News,2018-03-23 07:48:05+00:00,-0.4019,0.0,0.828,0.172,"""Alien"" skeleton found in Chile actually human fetus with rare bone disorder https://t.co/FCc91CF1u5 https://t.co/hR08Cs8txz",100
200,CNN,2018-03-24 01:30:32+00:00,0.743,0.283,0.717,0.0,"Former Cambridge Analytica staff say a super PAC run by John Bolton, President Trump's new national security advise‚Ä¶ https://t.co/Dyx0XhV9dh",1
201,CNN,2018-03-24 01:25:51+00:00,0.0,0.0,1.0,0.0,"""I didn't ask for any of this. None of us asked to be put in this situation."" Emma Gonz√°lez and fellow Parkland sur‚Ä¶ https://t.co/ySLPQ9tlLT",2
202,CNN,2018-03-24 01:21:46+00:00,0.0,0.0,1.0,0.0,"""I felt the heaviness of the bullet. I still didn't really believe that I got shot until I'd seen the wounds."" -Sam‚Ä¶ https://t.co/mDK6PoIelm",3
203,CNN,2018-03-24 01:16:10+00:00,0.4767,0.156,0.779,0.065,Gold Star father Khizr Khan wrote a personal appeal to the Supreme Court to strike down President Trump's travel ba‚Ä¶ https://t.co/dH62kdUtzn,4
204,CNN,2018-03-24 01:08:18+00:00,-0.34,0.0,0.806,0.194,President Trump moves closer to banning bump fire stocks https://t.co/NYNvd93X9J https://t.co/v4s0YlWa2M,5
205,CNN,2018-03-24 01:01:59+00:00,0.4019,0.236,0.764,0.0,Parkland survivors share exclusive video diaries. Their stories NOW on CNN. https://t.co/jK5GTLr9qF #ParklandDiaries https://t.co/5CGN3fhwIp,6
206,CNN,2018-03-24 00:51:05+00:00,0.4019,0.171,0.829,0.0,‚ÄúThis is what I have to deal with right now.‚Äù Sam Fuentes and Parkland survivors share exclusive video diaries. The‚Ä¶ https://t.co/RzsLF59uYI,7
207,CNN,2018-03-24 00:50:26+00:00,0.0379,0.075,0.857,0.068,"RT @AC360: Anderson Cooper: President Trump ""does not shy away from speaking his mind about even the most serious allegations against him,‚Ä¶",8
208,CNN,2018-03-24 00:50:04+00:00,0.0,0.0,1.0,0.0,"Using cell phones, six Parkland survivors chronicled their lives in the weeks after the shooting. Their stories ton‚Ä¶ https://t.co/cFgavh6mG1",9
209,CNN,2018-03-24 00:41:06+00:00,0.128,0.162,0.742,0.096,‚ÄúWhat can we do to stop this from continuing?‚Äù Emma Gonz√°lez and fellow Parkland survivors share exclusive video di‚Ä¶ https://t.co/ECbIl0JzdA,10
210,CNN,2018-03-24 00:37:13+00:00,0.4019,0.179,0.821,0.0,"‚ÄúStill trying to get back to normal, whatever that is.‚Äù Samantha Grady and Parkland survivors share exclusive video‚Ä¶ https://t.co/AFrFHftZcC",11
211,CNN,2018-03-24 00:36:49+00:00,0.0772,0.075,0.925,0.0,Sydney's newest landmark is a mixed-use development called Central Park. The award-winning complex boasts one of th‚Ä¶ https://t.co/TAXZmAhTpz,12
212,CNN,2018-03-24 00:36:31+00:00,0.0,0.0,1.0,0.0,"RT @AC360: Using cell phones, six Parkland survivors chronicled their lives in the weeks after the shooting. Their stories tonight, 9 p.m.‚Ä¶",13
213,CNN,2018-03-24 00:31:23+00:00,0.4019,0.188,0.812,0.0,"Cameron Kasky and fellow Parkland survivors share exclusive video diaries. Their stories tonight, 9p ET on CNN‚Ä¶ https://t.co/vFITbP5MBI",14
214,CNN,2018-03-24 00:29:20+00:00,-0.5994,0.0,0.849,0.151,"March for Our Lives student organizers say the event takes on ""an issue of life and death. ... The mass shooting ep‚Ä¶ https://t.co/7YyUdSrQlq",15
215,CNN,2018-03-24 00:25:06+00:00,0.0772,0.051,0.949,0.0,"RT @OutFrontCNN: ""Everyone that I talk to in the White House just wishes that they had never had to address these stories at all, but it's‚Ä¶",16
216,CNN,2018-03-24 00:21:15+00:00,0.0,0.0,1.0,0.0,"Using cell phones, six Parkland survivors chronicled their lives in the weeks after the shooting. Their stories ton‚Ä¶ https://t.co/af1llgPsQh",17
217,CNN,2018-03-24 00:13:10+00:00,0.0,0.0,1.0,0.0,"Chef Jos√© Andr√©s' ThinkFoodGroup and various DC restaurants started Food for Our Lives, a collaboration of business‚Ä¶ https://t.co/p41ysZ5913",18
218,CNN,2018-03-24 00:03:11+00:00,0.0,0.0,1.0,0.0,Cambridge Analytica says it's commissioning a third-party audit to prove that it deleted the trove of data about Fa‚Ä¶ https://t.co/Oo9xRKkALD,19
219,CNN,2018-03-23 23:53:04+00:00,0.0,0.0,1.0,0.0,"Melania Trump rides solo to Air Force One, again https://t.co/xI0z6fJVKe https://t.co/uEjjLIsJJe",20
220,CNN,2018-03-23 23:49:09+00:00,-0.2023,0.135,0.697,0.168,"RT @CNNMoney: Pando founder Sarah Lacy unpacks Facebook's ""crisis of confidence"" in this week's @ReliableSources podcast with CNN's @brians‚Ä¶",21
221,CNN,2018-03-23 23:46:51+00:00,0.34,0.124,0.876,0.0,"John Bolton, President Trump's pick to be the next national security adviser, has a decade-long history of associat‚Ä¶ https://t.co/GsqLWaQega",22
222,CNN,2018-03-23 23:39:30+00:00,0.3612,0.098,0.902,0.0,"RT @CNNnewsroom: ""People are listening. People are hearing us, and we feel like we've been yelling from the bottom of a barrel for almost t‚Ä¶",23
223,CNN,2018-03-23 23:38:15+00:00,0.0,0.0,1.0,0.0,"A liver transplant saves one teen, but his identical twin dies https://t.co/sqDNBovbt9 https://t.co/SFUOlXfpS2",24
224,CNN,2018-03-23 23:29:47+00:00,0.0,0.0,1.0,0.0,"‚ÄúI just know that I have to go back to continue to learn and work, even when our politicians won‚Äôt.‚Äù David Hogg and‚Ä¶ https://t.co/0BkIPTNbJ5",25
225,CNN,2018-03-23 23:25:46+00:00,0.0,0.0,1.0,0.0,Four things we learned about Mario Cuomo from Chris Cuomo https://t.co/X9biaNDUhO #AxeFiles https://t.co/CAyAHDxiUg,26
226,CNN,2018-03-23 23:21:00+00:00,0.0,0.126,0.747,0.126,911 calls capture the confusion when a false missile alert went out in Hawaii https://t.co/SPYmWPOPQg https://t.co/tOHRp353j4,27
227,CNN,2018-03-23 23:10:59+00:00,0.5423,0.184,0.816,0.0,"Taylor Swift voiced her support for Saturday's ""March for Our Lives"" in an Instagram post and said that she made a‚Ä¶ https://t.co/rUq4HPJvrg",28
228,CNN,2018-03-23 23:02:13+00:00,-0.0516,0.097,0.796,0.106,"Many of the Democrats who've been urging stricter gun control legislation will join throngs of students for the ""Ma‚Ä¶ https://t.co/mxQjFKdFSy",29
229,CNN,2018-03-23 22:51:03+00:00,0.296,0.104,0.896,0.0,"China may target American cherries, pistachios, sparkling wine and more than 120 other US goods with tariffs to ret‚Ä¶ https://t.co/vg46Qs8uzw",30
230,CNN,2018-03-23 22:41:07+00:00,0.4019,0.171,0.829,0.0,‚ÄúChange is happening. I can see it on the horizon.‚Äù Alex Wind and fellow Parkland survivors share exclusive video d‚Ä¶ https://t.co/hQwUCCj8YG,31
231,CNN,2018-03-23 22:31:06+00:00,-0.6486,0.0,0.777,0.223,"An Iowa family vacationing in Mexico was found dead inside their condominium, according to police‚Ä¶ https://t.co/kE8QRiquuX",32
232,CNN,2018-03-23 22:26:06+00:00,-0.4215,0.0,0.877,0.123,NFL star Michael Bennett was indicted in Houston on a charge of injury to the elderly in connection with an inciden‚Ä¶ https://t.co/4MIuPMiP6H,33
233,CNN,2018-03-23 22:21:03+00:00,0.7717,0.295,0.705,0.0,First lady Melania Trump made public remarks at the State Department's International Women of Courage award ceremon‚Ä¶ https://t.co/RzjFpXXh33,34
234,CNN,2018-03-23 22:21:01+00:00,-0.0772,0.109,0.769,0.121,A Tennessee man who was wrongfully imprisoned for 31 years and initially given $75 to start over has been awarded $‚Ä¶ https://t.co/gnUXYLvD98,35
235,CNN,2018-03-23 22:11:33+00:00,0.4019,0.15,0.85,0.0,RT @AC360: ‚ÄúChange is happening. I can see it on the horizon.‚Äù Alex Wind and fellow Parkland survivors share exclusive video diaries with C‚Ä¶,36
236,CNN,2018-03-23 22:11:04+00:00,-0.34,0.0,0.882,0.118,"""Contrary to the NRA's current narrative, the path to sensible gun reform isn't a slippery slope, it's simply uncha‚Ä¶ https://t.co/ueTcSlJS7s",37
237,CNN,2018-03-23 22:01:06+00:00,0.0,0.0,1.0,0.0,Former President Jimmy Carter has been briefed by the White House on the situation in North Korea‚Ä¶ https://t.co/hbuozgfGDB,38
238,CNN,2018-03-23 21:52:56+00:00,0.0,0.0,1.0,0.0,The real reasons Congress can't act on guns or immigration https://t.co/Zvna0DntVv https://t.co/LubyPW3xvN,39
239,CNN,2018-03-23 21:35:49+00:00,0.0,0.0,1.0,0.0,"‚ÄúTo us, this is not a partisan issue. It‚Äôs an issue of life or death,‚Äù says Alex Wind, a Parkland school shooting s‚Ä¶ https://t.co/K0tPyzHKb1",40
240,CNN,2018-03-23 21:20:07+00:00,-0.9432,0.0,0.423,0.577,A man has been arrested for allegedly threatening to assault and murder a congressman from Virginia‚Ä¶ https://t.co/2zCfq5BD0E,41
241,CNN,2018-03-23 21:01:07+00:00,-0.6597,0.0,0.773,0.227,"Why you'll see a lot of ""evil eye"" gloves at the March For Our Lives https://t.co/WtpZqb9zQE https://t.co/AyNUF33YIp",42
242,CNN,2018-03-23 20:50:08+00:00,-0.7713,0.0,0.712,0.288,"Parents of young children have reason to be watchful as the flu season ends. B strains, which can be more severe fo‚Ä¶ https://t.co/JWXazt7zNl",43
243,CNN,2018-03-23 20:40:05+00:00,-0.0772,0.0,0.915,0.085,Drew Barrymore shows she's sorry for dissing Jake Gyllenhaal with a literal sign of affection‚Ä¶ https://t.co/USc2fh5gfb,44
244,CNN,2018-03-23 20:30:12+00:00,-0.4404,0.0,0.861,0.139,Bank of America Merrill Lynch doctored paperwork on 16 million orders to fool institutional clients into thinking s‚Ä¶ https://t.co/OYh6bq5U5e,45
245,CNN,2018-03-23 20:20:09+00:00,0.0,0.0,1.0,0.0,Thousands of people marched in cities across Poland in demonstrations against plans to tighten the country's alread‚Ä¶ https://t.co/7xfT5h1KC8,46
246,CNN,2018-03-23 20:10:38+00:00,0.128,0.149,0.763,0.088,"RT @AC360: ‚ÄúI feel worried, I feel angry.‚Äù Parkland survivors share exclusive video diaries with CNN. Their stories tonight, 9p ET on @CNN‚Ä¶",47
247,CNN,2018-03-23 20:10:04+00:00,0.4215,0.123,0.877,0.0,The Chinese ambassador to the United States would not rule out his nation scaling back the purchase of US governmen‚Ä¶ https://t.co/hWrJhLtgkZ,48
248,CNN,2018-03-23 20:07:50+00:00,-0.8519,0.0,0.659,0.341,RT @CNNMoney: Trade war fears sink stocks again: Dow closes down more than 400 points at lowest point since November. https://t.co/A9OlUXl3‚Ä¶,49
249,CNN,2018-03-23 20:03:33+00:00,0.4404,0.153,0.847,0.0,Apple is proposing 13 new emojis in an effort to better represent people with disabilities https://t.co/2RiAQPzhIt https://t.co/zp4lrF9v3O,50
250,CNN,2018-03-23 19:50:35+00:00,-0.802,0.0,0.725,0.275,"At least 13 people were killed and 35 others were injured Friday night in a car bombing in southern Afghanistan, a‚Ä¶ https://t.co/8EZYFIRuUW",51
251,CNN,2018-03-23 19:42:28+00:00,0.0,0.0,1.0,0.0,"""China is not afraid of and will not recoil from a trade war,"" China's embassy in Washington said in a statement‚Ä¶ https://t.co/lTQZIyYykI",52
252,CNN,2018-03-23 19:30:13+00:00,0.4767,0.204,0.796,0.0,Some student loan borrowers will get another chance to qualify for the Public Service Loan Forgiveness program‚Ä¶ https://t.co/0Y6bgk27QX,53
253,CNN,2018-03-23 19:30:09+00:00,-0.5106,0.0,0.732,0.268,A timeline of DACA offers President Trump has rejected https://t.co/r3lYvNaM8H https://t.co/TKd8VSvjEr,54
254,CNN,2018-03-23 19:20:06+00:00,0.0,0.0,1.0,0.0,"A new chemical analysis of animal bones suggests that the Maya in the city of Ceibal kept big cats in captivity, an‚Ä¶ https://t.co/R65QDFdpAP",55
255,CNN,2018-03-23 19:10:06+00:00,0.0,0.0,1.0,0.0,"Dr. Ronny Jackson, the presidential physician who has served under three presidents, has been nominated for a promo‚Ä¶ https://t.co/TkS68sf6Mb",56
256,CNN,2018-03-23 19:00:09+00:00,-0.6597,0.0,0.761,0.239,A former cancer patient is now a doctor at the hospital that helped her survive https://t.co/K0Lmowc4PM https://t.co/EymrGr1EDT,57
257,CNN,2018-03-23 18:50:02+00:00,0.5106,0.13,0.87,0.0,"All around the US, Lyft is offering free rides to protestors who will participate in the March for Our Lives this w‚Ä¶ https://t.co/iiZhgPHkqG",58
258,CNN,2018-03-23 18:45:11+00:00,0.128,0.077,0.923,0.0,Veteran Washington attorney Joseph diGenova‚Äôs role as part of President Donald Trump‚Äôs legal team is still in quest‚Ä¶ https://t.co/McCu9Y9S2f,59
259,CNN,2018-03-23 18:40:05+00:00,0.5267,0.185,0.815,0.0,George Clooney praises Parkland survivors in open letter ahead of March for Our Lives https://t.co/TuF7QXqvU5 https://t.co/TnaWh1jlVB,60
260,CNN,2018-03-23 18:30:20+00:00,0.0,0.0,1.0,0.0,Elon Musk just nonchalantly erased Tesla and SpaceX from Facebook https://t.co/EKDgqGlIS9 https://t.co/VsQgPpjELv,61
261,CNN,2018-03-23 18:20:06+00:00,-0.6705,0.0,0.816,0.184,"The man shot and killed by Sacramento police was turning his life around, his brother says.

Stephon Clark was shot‚Ä¶ https://t.co/S5ib13fTFJ",62
262,CNN,2018-03-23 18:10:06+00:00,0.0,0.0,1.0,0.0,Advertisers are turning up the heat on Facebook. At least three companies have pulled advertisements after a data s‚Ä¶ https://t.co/9POKaJIWzq,63
263,CNN,2018-03-23 18:01:46+00:00,0.0,0.0,1.0,0.0,"President Trump says the US is close to striking a trade deal with South Korea, an achievement that would mark an e‚Ä¶ https://t.co/bXJxefGEiQ",64
264,CNN,2018-03-23 17:51:58+00:00,-0.659,0.0,0.779,0.221,President Trump on his veto threat: ‚ÄúI looked very seriously at the veto. I was thinking about doing the veto. But‚Ä¶ https://t.co/dAb7rPFtnR,65
265,CNN,2018-03-23 17:39:15+00:00,0.0,0.0,1.0,0.0,JUST IN: President Trump announces he is signing the $1.3 trillion spending bill passed by Congress this week despi‚Ä¶ https://t.co/cF8DRvZQgT,66
266,CNN,2018-03-23 17:26:44+00:00,0.0,0.0,1.0,0.0,"President Trump is speaking from the White House.

Watch on CNN: https://t.co/UYpqI3w42L¬†

Follow for live updates:‚Ä¶ https://t.co/Qv2yFkf7AZ",67
267,CNN,2018-03-23 17:15:49+00:00,0.0,0.0,1.0,0.0,"President Trump will soon give a statement from the White House to address the spending bill, which he has threaten‚Ä¶ https://t.co/f4SMTdUbvc",68
268,CNN,2018-03-23 17:05:46+00:00,0.6249,0.177,0.823,0.0,"Jaelynn Willey, the 16-year-old girl shot by a student at Great Mills High School in Maryland earlier this week, di‚Ä¶ https://t.co/tGFHA1vYg4",69
269,CNN,2018-03-23 17:02:49+00:00,-0.5267,0.0,0.804,0.196,"""We‚Äôve experienced something that no kid should ever go through... no person should go through, so there‚Äôs a lot of‚Ä¶ https://t.co/4D1WTVszNQ",70
270,CNN,2018-03-23 16:58:15+00:00,-0.2263,0.0,0.881,0.119,"""Sometimes I forget that we are the high schoolers here."" - Parkland student Cameron Kasky #ParklandDiaries‚Ä¶ https://t.co/48msWThvbS",71
271,CNN,2018-03-23 16:55:21+00:00,-0.0258,0.195,0.693,0.113,"""Still feeling it. Still feeling the shock and still feeling the emotions running high ... just embracing it becaus‚Ä¶ https://t.co/x7o1a2s7E2",72
272,CNN,2018-03-23 16:52:00+00:00,0.0,0.0,1.0,0.0,"""I'm supposed to be recovering... and I can't do that if these things are still going to be happening."" Marjory Sto‚Ä¶ https://t.co/sUbZ5QOt6s",73
273,CNN,2018-03-23 16:45:52+00:00,-0.6705,0.0,0.776,0.224,"""I feel worried, I feel angry. I just know I have to go back and continue to learn even when our politicians won't""‚Ä¶ https://t.co/kwk6TSHcb3",74
274,CNN,2018-03-23 16:41:39+00:00,-0.765,0.0,0.742,0.258,"""I'm in a lot of pain, and I've never been faced with this kind of pain before."" - Parkland school shooting survivo‚Ä¶ https://t.co/jvQYUjrTKA",75
275,CNN,2018-03-23 16:18:49+00:00,0.0,0.0,1.0,0.0,"""I'm supposed to be recovering ... and I can't do that if these things are still going to be happening.""

Using cel‚Ä¶ https://t.co/fdUiHYJ3KG",76
276,CNN,2018-03-23 16:00:02+00:00,0.0,0.0,1.0,0.0,"Deep inside the 2,232 pages of text that make up the newly passed $1.3 trillion bill to keep the federal government‚Ä¶ https://t.co/WEZxxNd1B5",77
277,CNN,2018-03-23 15:50:09+00:00,0.5106,0.18,0.82,0.0,This mom's tweet helped 500 students find free housing for March for Our Lives https://t.co/j49w9xdzP4 https://t.co/yjQjbRp5Cf,78
278,CNN,2018-03-23 15:42:07+00:00,0.0,0.0,1.0,0.0,A Congressional committee of bipartisan leaders just sent a letter to Facebook CEO Mark Zuckerberg requesting that‚Ä¶ https://t.co/Z4jb8sUlzy,79
279,CNN,2018-03-23 15:32:03+00:00,0.0,0.0,1.0,0.0,"Why I'm marching on Saturday ... in a wheelchair || Karina Vargas, who was shot outside her school in Colorado, wri‚Ä¶ https://t.co/ayvSSPSWXF",80
280,CNN,2018-03-23 15:25:05+00:00,-0.6597,0.0,0.761,0.239,A former cancer patient is now a doctor at the hospital that helped her survive https://t.co/doUI4ebDVe https://t.co/uNjFGZ3Oec,81
281,CNN,2018-03-23 15:14:05+00:00,0.296,0.099,0.901,0.0,"Are you a student taking part in Saturday‚Äôs March for Our Lives? Share your photos with CNN, along with your name,‚Ä¶ https://t.co/9lZCUpsK2B",82
282,CNN,2018-03-23 15:00:10+00:00,0.0,0.0,1.0,0.0,"Less than two months after allegations of sexual misconduct surfaced, Steve Wynn has sold his remaining stake in th‚Ä¶ https://t.co/L1qCa9FgkW",83
283,CNN,2018-03-23 14:50:08+00:00,0.0,0.0,1.0,0.0,"Kellyanne Conway signals she'd be open to taking the White House communications director job: ""I'm here to support‚Ä¶ https://t.co/UFh2Gl8ToI",84
284,CNN,2018-03-23 14:40:07+00:00,0.0,0.0,1.0,0.0,"The Republican National Committee spent over $424,000 at Trump properties in the first two months of 2018, accordin‚Ä¶ https://t.co/Mk4nQ7iPFj",85
285,CNN,2018-03-23 14:34:58+00:00,-0.8658,0.0,0.648,0.352,"Police storm supermarket in southern France where hostage situation left at least 2 dead, reportedly killing the at‚Ä¶ https://t.co/YCnfGbVjWH",86
286,CNN,2018-03-23 14:29:25+00:00,0.4404,0.182,0.818,0.0,What Trump doesn't get about Obamacare and health insurers' profits | via @Luhby https://t.co/A7Sbr8mwLN https://t.co/c6thfWyGzt,87
287,CNN,2018-03-23 14:11:46+00:00,0.0,0.0,1.0,0.0,French police have stormed a supermarket in southern France after a hostage situation left at least two people dead‚Ä¶ https://t.co/KnRxBckuXV,88
288,CNN,2018-03-23 14:10:08+00:00,0.5106,0.13,0.87,0.0,"All around the US, Lyft is offering free rides to protestors who will participate in the March for Our Lives this w‚Ä¶ https://t.co/nkzWhzn9GT",89
289,CNN,2018-03-23 14:00:08+00:00,-0.3895,0.185,0.572,0.243,"""He didn't just aggressively push for war with Iraq, he was confident that Saddam Hussein possessed weapons of mass‚Ä¶ https://t.co/plIloePX1D",90
290,CNN,2018-03-23 13:50:19+00:00,0.1027,0.107,0.804,0.089,National security adviser H.R. McMaster has resigned and will be replaced by former US ambassador and Fox News anal‚Ä¶ https://t.co/xstExILyV1,91
291,CNN,2018-03-23 13:40:06+00:00,0.0,0.0,1.0,0.0,"Counselor to the President Kellyanne Conway's message to staff working in the White House: ""Get with the program or‚Ä¶ https://t.co/5jIH8ER7Fw",92
292,CNN,2018-03-23 13:33:43+00:00,-0.34,0.0,0.882,0.118,France hostage situation: Gunman took hostages in supermarket after firing shots at police officers who were out jo‚Ä¶ https://t.co/TXvSGuZkZe,93
293,CNN,2018-03-23 13:30:09+00:00,0.5106,0.155,0.845,0.0,"Students who survived last month's deadly school shooting in South Florida have arrived in Washington, DC, ahead of‚Ä¶ https://t.co/jFZQ28r2un",94
294,CNN,2018-03-23 13:19:41+00:00,-0.3818,0.0,0.867,0.133,"President Trump threatens to veto the omnibus spending bill passed by Congress just after midnight, citing concerns‚Ä¶ https://t.co/b9xgWE57kZ",95
295,CNN,2018-03-23 13:06:44+00:00,0.3818,0.12,0.88,0.0,Parkland student Julia Cordover on the requiring of clear backpacks and IDs at Marjory Stoneman Douglas: ‚ÄúI do not‚Ä¶ https://t.co/SQ8KoN7L52,96
296,CNN,2018-03-23 13:02:44+00:00,-0.1531,0.149,0.673,0.178,"France supermarket hostage situation: Attacker was ""known to intelligence agencies,"" CNN affiliate BFM TV reports‚Ä¶ https://t.co/SHwHuGMMvH",97
297,CNN,2018-03-23 12:54:02+00:00,0.1531,0.15,0.728,0.121,"Parkland student Sam Zeif: ‚ÄúWe‚Äôre fighting for our inalienable rights. My classmates, friends, teachers had inalien‚Ä¶ https://t.co/OqRTiZj7dV",98
298,CNN,2018-03-23 12:50:53+00:00,0.0772,0.067,0.933,0.0,"A number of employees ""are in lockdown"" in a garage behind the supermarket as this police situation unfolds in Sout‚Ä¶ https://t.co/MokkxEpd6E",99
299,CNN,2018-03-23 12:48:51+00:00,0.4404,0.132,0.868,0.0,Marjory Stoneman Douglas High School senior class president Julia Cordover on March for Our Lives: ‚ÄúWe hope that th‚Ä¶ https://t.co/29KnOC69Lk,100
300,Fox News,2018-03-24 01:28:59+00:00,0.0,0.0,1.0,0.0,.@seanspicer: ‚Äú[The media] can‚Äôt cover [@POTUS‚Äô] accomplishments because it‚Äôs against everything that they believe.‚Ä¶ https://t.co/eBZgs3BR0M,1
301,Fox News,2018-03-24 01:14:59+00:00,0.0,0.0,1.0,0.0,.@USMC Marine's 2-year-old brother takes his place in girlfriend's prom photos https://t.co/BBmfPxqCgj,2
302,Fox News,2018-03-24 01:11:43+00:00,0.0,0.0,1.0,0.0,"In a new op-ed, former FBI Deputy Director Andrew McCabe called out President @realDonaldTrump's administration for‚Ä¶ https://t.co/UjCjCwstLO",3
303,Fox News,2018-03-24 01:03:15+00:00,0.6249,0.194,0.806,0.0,"Great Pacific Garbage Patch, floating 'island' of trash in ocean, is now twice the size of Texas https://t.co/RxqkBJyXJi",4
304,Fox News,2018-03-24 00:55:19+00:00,0.4019,0.278,0.722,0.0,"Help @NASA study 'Steve,' a newfound aurora type https://t.co/YV5YlegHwz",5
305,Fox News,2018-03-24 00:51:05+00:00,-0.3182,0.0,0.874,0.126,"A candlelight vigil is held for the victims of the serial bombings in Austin, Texas. https://t.co/7E2TuwJzqA (Court‚Ä¶ https://t.co/dFMKMdTJxn",6
306,Fox News,2018-03-24 00:43:23+00:00,0.0,0.0,1.0,0.0,".@ChrisStirewalt: Budget 'Chaos' Has Become the Norm for the Past Decade
 https://t.co/X8WXyNRSzU",7
307,Fox News,2018-03-24 00:39:57+00:00,-0.4588,0.0,0.812,0.188,What are bump stocks? How they work and why @realDonaldTrump wants them banned https://t.co/k7WdeXVWHe,8
308,Fox News,2018-03-24 00:38:10+00:00,0.5859,0.211,0.789,0.0,".@TuckerCarlson: ""We're told we need this bill because of national security. But how secure is a nation that has no‚Ä¶ https://t.co/iZN9HvUMgI",9
309,Fox News,2018-03-24 00:24:00+00:00,0.4995,0.133,0.867,0.0,"RT @FoxNewsResearch: Mar 17-23
-Week in Numb3rs
‚Ä¢4/9: McMaster's departure date
‚Ä¢5: Package bombs exploded in Austin &amp; Schertz, TX over 19‚Ä¶",10
310,Fox News,2018-03-24 00:20:45+00:00,-0.6249,0.106,0.627,0.267,'Republicans Are Supposed to Be the Party of Restraint': Hurt Says Spending Bill Could Hurt GOP in Midterms https://t.co/6hG732buAC,11
311,Fox News,2018-03-24 00:09:32+00:00,-0.34,0.0,0.844,0.156,Stormy Daniels' lawyer fires 'warning shot' with mysterious DVD he says 'contains evidence' https://t.co/dPP4OaBQgH,12
312,Fox News,2018-03-24 00:02:59+00:00,0.0,0.0,1.0,0.0,.@JaniceDean on living with multiple sclerosis: ‚ÄúIt is literally one of those things where I wake up in the morning‚Ä¶ https://t.co/kYNUS0DH2F,13
313,Fox News,2018-03-23 23:54:42+00:00,0.4404,0.254,0.634,0.112,"Fox News Meteorologist @JaniceDean shared her struggle with multiple sclerosis, and offered encouragement for those‚Ä¶ https://t.co/lw1KQmJgRN",14
314,Fox News,2018-03-23 23:51:48+00:00,0.0,0.0,1.0,0.0,.@therealroseanne advises Jimmy Kimmel to 'zip that f---ing lip' about #Trump https://t.co/XSsIULEWP6,15
315,Fox News,2018-03-23 23:41:06+00:00,0.0,0.0,1.0,0.0,Kansas water park and ex-exec facing 'involuntary manslaughter' charge over boy's decapitation https://t.co/oVJwhlgBd6,16
316,Fox News,2018-03-23 23:29:16+00:00,-0.4588,0.0,0.812,0.188,What are bump stocks? How they work and why Trump wants them banned https://t.co/E86tlG9Y17,17
317,Fox News,2018-03-23 23:23:09+00:00,0.0,0.0,1.0,0.0,.@CLewandowski_: ‚ÄúWhy haven‚Äôt we been able to keep the government open for a multi-year period? This is astonishing‚Ä¶ https://t.co/cz3oCkED12,18
318,Fox News,2018-03-23 23:14:56+00:00,0.0,0.0,1.0,0.0,Andrew McCabe speaks out in scathing new editorial; Catherine Herridge reports. https://t.co/RI3YH2ul9s,19
319,Fox News,2018-03-23 23:13:07+00:00,0.0,0.0,1.0,0.0,.@POTUS arrives in Florida. https://t.co/Y51qSggSpa,20
320,Fox News,2018-03-23 23:07:14+00:00,0.0,0.0,1.0,0.0,Washington National Cathedral holds an interfaith prayer vigil ahead of Saturday's #MarchForOurLives rally.‚Ä¶ https://t.co/BQYUP22BqK,21
321,Fox News,2018-03-23 23:01:04+00:00,-0.4019,0.0,0.876,0.124,".@LeslieMarshall on China tariffs: ""We have had this trade deficit, we've had job loss...@POTUS said he was going t‚Ä¶ https://t.co/eSxSFYvQFT",22
322,Fox News,2018-03-23 22:57:21+00:00,-0.5267,0.0,0.833,0.167,"Charles Hurt on China tariffs: ""In the 18 years since @BillClinton normalized trade relations with China, president‚Ä¶ https://t.co/ZO8uoBk4Mt",23
323,Fox News,2018-03-23 22:50:58+00:00,-0.5267,0.0,0.841,0.159,"Charles Hurt on spending bill: ""Come November, if we're looking at a complete wipe out of Republican seats, I think‚Ä¶ https://t.co/1wP1rpskoh",24
324,Fox News,2018-03-23 22:47:14+00:00,0.34,0.231,0.769,0.0,Mister Rogers depicted on new honorary postage stamp https://t.co/y0A26BxuhJ,25
325,Fox News,2018-03-23 22:37:24+00:00,0.0,0.0,1.0,0.0,".@KyleKashuv on @TIME cover: ""I don't know why I wasn't chosen - maybe because I don't fall into the category of gu‚Ä¶ https://t.co/BGRmHDL1uL",26
326,Fox News,2018-03-23 22:28:51+00:00,0.0,0.0,1.0,0.0,Peru names ambassador to Canada its new president after leader exits under corruption cloud https://t.co/9XwXalv96E,27
327,Fox News,2018-03-23 22:24:39+00:00,0.5574,0.282,0.647,0.071,.@GovMikeHuckabee: 'Street Fighters' DiGenova &amp; Toensing Are Strong Addition to Trump's Legal Team https://t.co/wuNklG8ZLf,28
328,Fox News,2018-03-23 22:21:12+00:00,-0.8225,0.0,0.664,0.336,"Python wraps around snake charmer's neck, nearly strangles him to death as crowd watches in horror https://t.co/DYHp4anQwd",29
329,Fox News,2018-03-23 22:12:41+00:00,0.4168,0.156,0.844,0.0,".@POTUS signs $1.3 trillion spending bill, despite earlier threat to veto. @johnrobertsFox has the story.‚Ä¶ https://t.co/GSjTRaXJVY",30
330,Fox News,2018-03-23 22:09:01+00:00,-0.4767,0.0,0.795,0.205,Wall Street suffers following announcements about tariffs on imports from China. #SpecialReport‚Ä¶ https://t.co/8BYfYje1tP,31
331,Fox News,2018-03-23 22:05:26+00:00,0.0,0.0,1.0,0.0,".@LisaMarieBoothe brought her dog, Bella, onto #TheFive today in celebration of #NationalPuppyDay https://t.co/DreD7EDsCW",32
332,Fox News,2018-03-23 22:01:31+00:00,-0.1027,0.0,0.92,0.08,.@JesseBWatters Slams Spending Bill: 'Mexico's Not Going to Pay for the Wall &amp; Neither Are We' https://t.co/i5VUJaz8Jv,33
333,Fox News,2018-03-23 21:48:38+00:00,-0.4404,0.0,0.828,0.172,"#Trump administration bans bump stocks, 'all devices' that turn 'legal' weapons into machine guns https://t.co/YJ3yUSMzaf",34
334,Fox News,2018-03-23 21:34:24+00:00,0.0,0.0,1.0,0.0,Pakistani program offers rehab for radicals https://t.co/ERVdcGKDv7,35
335,Fox News,2018-03-23 21:34:21+00:00,0.3182,0.223,0.777,0.0,More veterans seek Trump's pardon for combat-zone convictions https://t.co/hCuRwRMOAW,36
336,Fox News,2018-03-23 21:21:23+00:00,-0.4588,0.097,0.678,0.225,".@JesseBWatters on lack of border wall funding: ""This was a huge defeat for [@POTUS] on a signature issue. It's rea‚Ä¶ https://t.co/qOfDElz0yF",37
337,Fox News,2018-03-23 21:19:40+00:00,0.0,0.0,1.0,0.0,"Moments ago, President @realDonaldTrump tweeted that the @TheJusticeDept ""will issue the rule banning bump stocks."" https://t.co/cbjaMtKccH",38
338,Fox News,2018-03-23 21:12:24+00:00,0.0,0.0,1.0,0.0,RT @FoxBusiness: NFL‚Äôs Patriots fly Parkland students on team plane to DC for #MarchForOurLives https://t.co/NsE4BbYnfA,39
339,Fox News,2018-03-23 21:11:55+00:00,0.0,0.0,1.0,0.0,".@GeraldoRivera: ""Words are cheap...and this spending bill is expensive."" #TheFive  https://t.co/RuwOuaUBTw https://t.co/BpgqHut4Rv",40
340,Fox News,2018-03-23 21:06:31+00:00,0.539,0.155,0.845,0.0,".@RepKevinBrady: ""We should be looking every day at how we make our tax code more family friendly, more pro-growth,‚Ä¶ https://t.co/6MVT7Q376u",41
341,Fox News,2018-03-23 20:57:35+00:00,0.5994,0.214,0.786,0.0,"Rafael Espinal: ""We have to make sure that our employees are not overworked, that they have the opportunities that‚Ä¶ https://t.co/Gb68eVZUzT",42
342,Fox News,2018-03-23 20:53:15+00:00,-0.4767,0.0,0.853,0.147,".@RepKevinBrady: ""I think [@POTUS'] frustration is the same as ours which is, I think, this whole budget spending p‚Ä¶ https://t.co/PyYhFJcyZm",43
343,Fox News,2018-03-23 20:49:43+00:00,0.0,0.0,1.0,0.0,Palm trees in Canada? It could happen in 'decades' https://t.co/UfId0NZ7sE,44
344,Fox News,2018-03-23 20:44:09+00:00,-0.9062,0.0,0.553,0.447,"NYC firefighter killed in on-set blaze, 'Deadpool 2' stunt driver's death and other tragedies while filming https://t.co/Flrbzs03rb",45
345,Fox News,2018-03-23 20:29:00+00:00,0.7003,0.345,0.655,0.0,Marine Corps adopts new puppy mascot: 'He's a great puppy and new recruit' https://t.co/S7j3gxWT2S,46
346,Fox News,2018-03-23 20:23:00+00:00,0.4019,0.213,0.787,0.0,How hackers could turn a 'smart city' into a house of cards https://t.co/YRLCwZnr98,47
347,Fox News,2018-03-23 20:16:03+00:00,0.0,0.0,1.0,0.0,RT @FoxBusiness: #BreakingNews: The Dow Jones Industrial Average tumbles 425 points as China trade jitters persist. https://t.co/9fobUXyNbv‚Ä¶,48
348,Fox News,2018-03-23 20:02:34+00:00,-0.4215,0.0,0.797,0.203,OPINION: ObamaCare's 8th birthday is an unhappy one for all Americans https://t.co/b4RCd0n2IT,49
349,Fox News,2018-03-23 19:53:02+00:00,0.0,0.0,1.0,0.0,"Elon Musk yanks @SpaceX
and @Tesla's Facebook pages https://t.co/MhgfKpRz8l",50
350,Fox News,2018-03-23 19:41:13+00:00,0.6486,0.29,0.71,0.0,Pennsylvania school wants to arm students with rocks to protect them against active shooters https://t.co/BjuptCNttE,51
351,Fox News,2018-03-23 19:27:50+00:00,0.0,0.0,1.0,0.0,Austin bombing probe prompts calls to permanently hire police chief https://t.co/odaiOcRdZv,52
352,Fox News,2018-03-23 19:12:54+00:00,-0.3182,0.0,0.827,0.173,.@POTUS: Democrats 'Fought Every Single Inch of the Way' on DACA https://t.co/Lt8KTsUaID,53
353,Fox News,2018-03-23 19:02:35+00:00,0.0,0.0,1.0,0.0,Roseanne Barr advises Jimmy Kimmel to 'zip that f---ing lip' about #Trump https://t.co/udQU6FEBog,54
354,Fox News,2018-03-23 18:58:06+00:00,0.0,0.0,1.0,0.0,"Chris Swecker: ""The Clinton email investigation really was not a credible investigation."" @dailybriefing‚Ä¶ https://t.co/4F8giu7Sp4",55
355,Fox News,2018-03-23 18:49:53+00:00,0.0,0.0,1.0,0.0,".@ChrisStirewalt on spending bill negotiation: ""You know who never gets a vote? My kids and their kids and the kids‚Ä¶ https://t.co/gmqpqWFMb6",56
356,Fox News,2018-03-23 18:42:29+00:00,-0.7579,0.0,0.649,0.351,American family of four who went missing in Mexico found dead in condo https://t.co/LyEg0HPDZh,57
357,Fox News,2018-03-23 18:41:14+00:00,0.0,0.0,1.0,0.0,"RT @EricShawnTV: 3 weeks ago, #TaylorForce's family &amp; #WestPoint classmates went door to door on Capitol Hill, asking #Senators to back #Ta‚Ä¶",58
358,Fox News,2018-03-23 18:33:00+00:00,0.0,0.0,1.0,0.0,".@RepChrisStewart: ""Why in the world are we going to push DACA down the road, down the road, down the road and not‚Ä¶ https://t.co/qgqSSIwUPG",59
359,Fox News,2018-03-23 18:24:00+00:00,0.0,0.0,1.0,0.0,.@ksorbs claims he was nixed from #ThunderCon over conservative political views https://t.co/ZK7VrazWhd https://t.co/bnwmoDFELm,60
360,Fox News,2018-03-23 18:23:09+00:00,-0.3182,0.0,0.85,0.15,"RT @FoxBusiness: .@elonmusk joins #deletefacebook boycott, removes SpaceX and Tesla pages from site https://t.co/Y6tmgu65hC",61
361,Fox News,2018-03-23 18:18:00+00:00,0.8883,0.403,0.597,0.0,".@POTUS: ""We'll have by far the most powerful nuclear force on earth... Hopefully - praise be to God - we don't eve‚Ä¶ https://t.co/nnRcvwf7Yp",62
362,Fox News,2018-03-23 18:14:00+00:00,-0.4588,0.0,0.842,0.158,".@SecNielsen: ""It's unfortunate that Congress chose not to listen to the men and women of @DHSgov."" https://t.co/yoIaLrYFbY",63
363,Fox News,2018-03-23 18:02:40+00:00,0.0,0.0,1.0,0.0,"Moments ago at a press availability at The @WhiteHouse, President @realDonaldTrump directly addressed DACA recipien‚Ä¶ https://t.co/5UQBkQAn7p",64
364,Fox News,2018-03-23 17:58:10+00:00,0.0,0.0,1.0,0.0,".@POTUS: ""The stock market's way up. When I came into office the stock market was from a different planet."" https://t.co/BWrIfpN4Cc",65
365,Fox News,2018-03-23 17:58:00+00:00,0.2263,0.091,0.909,0.0,"Secretary Mattis: ""In 1790, in George Washington's first annual address to Congress he stated: To be prepared for w‚Ä¶ https://t.co/eyVVlqovgJ",66
366,Fox News,2018-03-23 17:48:39+00:00,0.3612,0.163,0.837,0.0,".@POTUS: ""As a matter of national security I've signed this omnibus budget bill. There are a lot of things that I'm‚Ä¶ https://t.co/kxpOgyYw45",67
367,Fox News,2018-03-23 17:46:16+00:00,0.0772,0.058,0.942,0.0,".@POTUS: ""I do want the Hispanic community to know and DACA recipients to know that Republicans are much more on yo‚Ä¶ https://t.co/933vC0MeNG",68
368,Fox News,2018-03-23 17:45:13+00:00,0.0772,0.058,0.942,0.0,".@POTUS ""I say this to the DACA recipients that the Republicans are with you, they want to get your situation taken‚Ä¶ https://t.co/D8TwKaCPmm",69
369,Fox News,2018-03-23 17:44:38+00:00,0.3291,0.093,0.907,0.0,".@POTUS: ""Not happy with $1.6 billion but it does start the wall and we will make that $1.6 billion go very, very f‚Ä¶ https://t.co/m5PNchkVr8",70
370,Fox News,2018-03-23 17:43:04+00:00,0.296,0.099,0.901,0.0,".@POTUS: ""We're also spending $6 billion on, as you know, various forms of drug control, helping people that are ad‚Ä¶ https://t.co/K5sQfR9QHs",71
371,Fox News,2018-03-23 17:41:26+00:00,0.0,0.0,1.0,0.0,".@POTUS: ""We're spending a lot of money on nuclear, on nuclear systems, to upgrade and in some cases brand-new... W‚Ä¶ https://t.co/XdrX5iEFD1",72
372,Fox News,2018-03-23 17:40:02+00:00,0.0,0.0,1.0,0.0,".@POTUS: ""I'm calling on Congress to give me a line item veto for all government spending bills."" https://t.co/y2W8xc4eMv",73
373,Fox News,2018-03-23 17:36:56+00:00,-0.4588,0.0,0.842,0.158,".@SecNielsen: ""It's unfortunate that Congress chose not to listen to the men and women of @DHSgov."" https://t.co/ihXxBc3FRL",74
374,Fox News,2018-03-23 17:34:01+00:00,-0.5256,0.0,0.816,0.184,".@POTUS: ""DACA recipients have been treated extremely badly by @TheDemocrats. We wanted to include DACA."" https://t.co/oHgF3js3cm",75
375,Fox News,2018-03-23 17:33:21+00:00,0.0,0.0,1.0,0.0,".@POTUS: ""We have to get rid of the filibuster rule and go to 51 votes in the Senate."" https://t.co/hBoCFH93hz",76
376,Fox News,2018-03-23 17:32:29+00:00,0.3612,0.102,0.898,0.0,".@POTUS: ""I say to Congress I will never sign another bill like this again. I'm not going to do it again. Nobody re‚Ä¶ https://t.co/lr2PzAEvVi",77
377,Fox News,2018-03-23 17:31:41+00:00,0.3612,0.163,0.837,0.0,".@POTUS: ""As a matter of national security I've signed this omnibus budget bill. There are a lot of things that I'm‚Ä¶ https://t.co/COdwQdMAuU",78
378,Fox News,2018-03-23 17:30:37+00:00,0.539,0.348,0.539,0.113,".@POTUS: ""We have very importantly a pay increase for our troops."" https://t.co/5AmS1tfP8u",79
379,Fox News,2018-03-23 17:29:59+00:00,0.0,0.0,1.0,0.0,".@POTUS: ""As much opposition to the military as we've had from @TheDemocrats - and it has been tremendous - I try t‚Ä¶ https://t.co/GkUaxVLoZE",80
380,Fox News,2018-03-23 17:29:14+00:00,0.0,0.0,1.0,0.0,.@POTUS holds a news conference on spending bill https://t.co/TRyBXkROW0,81
381,Fox News,2018-03-23 17:29:02+00:00,0.0,0.0,1.0,0.0,".@POTUS: ""My highest duty is to keep America safe."" https://t.co/QDMFzf6PKF",82
382,Fox News,2018-03-23 17:28:39+00:00,-0.4939,0.087,0.64,0.273,".@POTUS: ""For the last 8 years, deep defense cuts have undermined our national security."" https://t.co/qKx4TmRHLp",83
383,Fox News,2018-03-23 17:27:54+00:00,0.6369,0.257,0.743,0.0,".@SecretaryRoss: ""We believe we are relatively close to a pretty comprehensive resolution with the South Korean gov‚Ä¶ https://t.co/F4PfNDPbZ2",84
384,Fox News,2018-03-23 17:27:11+00:00,-0.4357,0.0,0.855,0.145,".@POTUS: ""We're going to get on to this ridiculous situation that took place over the last week."" https://t.co/FC6MQDBgu6",85
385,Fox News,2018-03-23 17:23:52+00:00,0.0,0.0,1.0,0.0,COMING UP: @POTUS to speak amid reports he will sign spending bill Senate passed early this morning - For full live‚Ä¶ https://t.co/RjXvk17n3y,86
386,Fox News,2018-03-23 17:23:23+00:00,0.3182,0.161,0.839,0.0,".@RepChrisStewart: ""Who in the world would object to securing our borders?"" #OutnumberedOT https://t.co/3Nr84M6o0E",87
387,Fox News,2018-03-23 17:22:53+00:00,0.0,0.0,1.0,0.0,".@RepChrisStewart: ""Why in the world are we going to push DACA down the road, down the road, down the road and not‚Ä¶ https://t.co/PftNfAva7K",88
388,Fox News,2018-03-23 17:20:32+00:00,-0.5423,0.0,0.667,0.333,'Shawshank' convict in trouble over risky business with girlfriend: report https://t.co/UpganUNxND,89
389,Fox News,2018-03-23 17:13:42+00:00,-0.6597,0.0,0.625,0.375,Shocking video surfaces of Valerie Thompson's 343 mph motorcycle crash https://t.co/qnyUSpkiwp,90
390,Fox News,2018-03-23 17:08:31+00:00,0.0258,0.072,0.861,0.067,".@JenGriffinFNC: ""Inside the defense spending part of this omnibus bill is a 3% pay raise for the troops. That's th‚Ä¶ https://t.co/X5ASNsmv4O",91
391,Fox News,2018-03-23 17:04:41+00:00,0.0,0.0,1.0,0.0,".@PeteHegseth: ""The stale status quo in Washington has not worked."" https://t.co/rxdgaqISY2",92
392,Fox News,2018-03-23 16:51:06+00:00,0.0,0.0,1.0,0.0,Kevin Sorbo claims he was nixed from ThunderCon over conservative political views https://t.co/WnWRjKtRl4,93
393,Fox News,2018-03-23 16:48:50+00:00,0.0,0.0,1.0,0.0,BREAKING NEWS: @HARRISFAULKNER: @POTUS will brief at the @WhiteHouse at 1p ET. https://t.co/udSwHrJg4m,94
394,Fox News,2018-03-23 16:43:03+00:00,0.5859,0.167,0.833,0.0,".@dagenmcdowell: ""@JoeBiden had to watch Trump run and win, and so he had worked up all of these lines.""‚Ä¶ https://t.co/kFaO9UnwNd",95
395,Fox News,2018-03-23 16:36:18+00:00,0.0,0.0,1.0,0.0,"COMING UP at 1p ET - the @WhiteHouse Press Briefing - For full live coverage, tune in to Fox News Channel! https://t.co/PYQMR1PIeb",96
396,Fox News,2018-03-23 16:32:55+00:00,0.3612,0.278,0.592,0.13,".@SenWarren is no fan of President @realDonaldTrump's next national security adviser, @AmbJohnBolton.‚Ä¶ https://t.co/ewXvh3kh84",97
397,Fox News,2018-03-23 16:27:00+00:00,0.1531,0.209,0.652,0.139,".@PeteHegseth: ""If you want peace, your enemies have to believe that you're willing to wage war."" #Outnumbered https://t.co/9loLASw0u5",98
398,Fox News,2018-03-23 16:21:01+00:00,0.0,0.0,1.0,0.0,".@JessicaTarlov: ""Ambassador Bolton... still doesn't think that [the Iraq war] was a mistake."" #Outnumbered https://t.co/yYAr3rvQ9i",99
399,Fox News,2018-03-23 16:09:50+00:00,0.3612,0.185,0.815,0.0,".@timkaine: ""It's like Art of the Deal-wrecker - that's my reaction."" https://t.co/Q2UXfbOYfL https://t.co/Pln3jgbeib",100
400,The New York Times,2018-03-24 01:32:04+00:00,0.8555,0.296,0.704,0.0,"Modern Love: ""I knew that when you find love, you jump in, almost involuntarily. You don‚Äôt sit on the edge negotiat‚Ä¶ https://t.co/euo96xgH1a",1
401,The New York Times,2018-03-24 01:17:04+00:00,0.5994,0.17,0.83,0.0,"RT @NYTObits: H. Wayne Huizenga, the entrepreneur who expanded Blockbuster video and AutoNation into vast enterprises and owned three South‚Ä¶",2
402,The New York Times,2018-03-24 01:02:04+00:00,0.0,0.0,1.0,0.0,Evening Briefing: Here's what you need to know at the end of the day https://t.co/ixJlyCMrwZ,3
403,The New York Times,2018-03-24 00:47:03+00:00,-0.0772,0.116,0.797,0.088,"If we want to stop global warming, global CO2 emissions need to fall. Last year, the world moved in the opposite di‚Ä¶ https://t.co/dFTWVWzWyO",4
404,The New York Times,2018-03-24 00:32:03+00:00,-0.5106,0.0,0.815,0.185,Over 800 protests for stricter gun laws are planned for Saturday in the U.S. and in countries around the world https://t.co/I2huudbHlb,5
405,The New York Times,2018-03-24 00:17:02+00:00,0.2023,0.184,0.694,0.122,"RT @nytopinion: The good thing about John Bolton, President Trump‚Äôs new national security adviser, is that he says what he thinks.The bad t‚Ä¶",6
406,The New York Times,2018-03-24 00:02:04+00:00,-0.3612,0.0,0.872,0.128,"Craigslist removed its personal ads, citing the recent passage of a bill aimed at fighting sex trafficking online https://t.co/DKMm4mmUw9",7
407,The New York Times,2018-03-23 23:47:04+00:00,0.0,0.0,1.0,0.0,"Season 6 of ""The Americans"" arrives on Wednesday. Here's where we left off. https://t.co/hyiJcU2MAF",8
408,The New York Times,2018-03-23 23:32:02+00:00,0.0,0.0,1.0,0.0,"In 1843, a 27-year-old Ada Lovelace imagined the modern-day, general-purpose computer. She is now recognized as the‚Ä¶ https://t.co/w1Ei8Rf3HO",9
409,The New York Times,2018-03-23 23:17:02+00:00,-0.7351,0.0,0.772,0.228,RT @daiwaka: Here's an inside look at Uber's self-driving car ops in Phoenix before Sunday's fatal crash: the company moved from two people‚Ä¶,10
410,The New York Times,2018-03-23 23:02:04+00:00,-0.6705,0.124,0.579,0.297,"""I Kill Giants"" is an intimate story about a troubled 12-year-old who‚Äôs on a mission to save her town https://t.co/pkNXqUF0Pa",11
411,The New York Times,2018-03-23 22:47:01+00:00,0.0,0.0,1.0,0.0,Evening Briefing: Here's what you need to know at the end of the day https://t.co/4opSmJxhMU,12
412,The New York Times,2018-03-23 22:32:06+00:00,-0.4767,0.073,0.769,0.158,The U.S. and China are waging a cold war for global dominance in the tech industry. This week's tariffs duel height‚Ä¶ https://t.co/5f4qMQCMoL,13
413,The New York Times,2018-03-23 22:17:05+00:00,0.8126,0.28,0.72,0.0,"RT @ronlieber: Every year, I collect the best college application essays I can find about money, work, social class, wealth and/or its abse‚Ä¶",14
414,The New York Times,2018-03-23 22:02:03+00:00,-0.34,0.102,0.728,0.17,Internal documents show Uber‚Äôs self-driving car project wasn‚Äôt living up to expectations well before a fatal crash‚Ä¶ https://t.co/I4O5nMqCRO,15
415,The New York Times,2018-03-23 21:47:09+00:00,0.25,0.143,0.756,0.101,The Justice Dept. has proposed banning so-called bump stocks for guns. The move comes a day before nationwide gun c‚Ä¶ https://t.co/JiNfNeAARl,16
416,The New York Times,2018-03-23 21:32:04+00:00,0.0,0.0,1.0,0.0,"Elon Musk joined #DeleteFacebook by deleting the Facebook pages of 2 of his companies, Tesla and SpaceX https://t.co/BJYpNw6JWG",17
417,The New York Times,2018-03-23 21:14:00+00:00,-0.2023,0.12,0.684,0.197,Women have spoken. Men have fallen. Corporations are nervous. But are American workplaces making real progress in c‚Ä¶ https://t.co/Q5FipZZsCD,18
418,The New York Times,2018-03-23 21:03:05+00:00,0.0,0.0,1.0,0.0,RT @jodikantor: I've spent the last couple of weeks bearing down on what's changing-- and what's really stuck-- about how we deal with sexu‚Ä¶,19
419,The New York Times,2018-03-23 20:50:52+00:00,0.0,0.0,1.0,0.0,"Sofie Whitney, a senior at Stoneman Douglas, and the other organizers of the March for Our Lives, have concrete aim‚Ä¶ https://t.co/yoHFhn3YUx",20
420,The New York Times,2018-03-23 20:47:00+00:00,-0.6705,0.0,0.816,0.184,"Reema Samaha was 18 when she was killed in the 2007 shooting at Virginia Tech University. Her father, Joseph, says‚Ä¶ https://t.co/BDD9YIUKYJ",21
421,The New York Times,2018-03-23 20:44:13+00:00,-0.6705,0.0,0.83,0.17,Cody Thunder was 15 in 2005 when a classmate killed 5 students at Red Lake Senior High School. He was shot in the h‚Ä¶ https://t.co/31wbbmiwRF,22
422,The New York Times,2018-03-23 20:40:00+00:00,-0.6705,0.0,0.809,0.191,"Jolanda Arnold will be marching in Washington on Saturday, the city where her husband, Michael, was killed in a 201‚Ä¶ https://t.co/pfKJqIel21",23
423,The New York Times,2018-03-23 20:36:57+00:00,0.5106,0.163,0.837,0.0,"Melissa Strassner survived the school shooting at Columbine High School. 

‚ÄúSince Parkland, my boxing gloves are ba‚Ä¶ https://t.co/0LJBcVeuPI",24
424,The New York Times,2018-03-23 20:35:04+00:00,-0.1531,0.0,0.929,0.071,We spoke to survivors of mass shootings and others affected by them. They say the students in Parkland have given t‚Ä¶ https://t.co/XaLG3oJq46,25
425,The New York Times,2018-03-23 20:15:06+00:00,0.5584,0.248,0.752,0.0,"Rebuffing Trump, Congress saved the NEA and NEH again. In fact, both endowments slightly increased. https://t.co/y1XActfG6l",26
426,The New York Times,2018-03-23 20:00:14+00:00,0.0,0.0,1.0,0.0,"A century before the dawn of the computer age, 27-year-old Ada Lovelace wrote the first computer program https://t.co/GXSMzGTbjx",27
427,The New York Times,2018-03-23 19:45:17+00:00,-0.4767,0.0,0.871,0.129,"Even when children grow up next to each other with parents who earn similar incomes, black boys fare worse than whi‚Ä¶ https://t.co/FCQrjZEJNM",28
428,The New York Times,2018-03-23 19:30:13+00:00,0.5859,0.16,0.84,0.0,Vladimir Putin was elected to a fourth term on Sunday. What percentage of the vote did he win? Take our quiz. https://t.co/czSrm4X5WN,29
429,The New York Times,2018-03-23 19:19:04+00:00,-0.3818,0.0,0.843,0.157,"In a tit-for-tat trade battle with the U.S., China‚Äôs response has so far been restrained https://t.co/mXuGUssWn3",30
430,The New York Times,2018-03-23 19:04:28+00:00,0.3434,0.165,0.734,0.1,"Many counties, including rich ones, are aging and experiencing more deaths than births, without growth through immi‚Ä¶ https://t.co/VmkEWGa92M",31
431,The New York Times,2018-03-23 18:45:09+00:00,-0.7096,0.0,0.718,0.282,"After another week of chaos, Trump heads to Palm Beach. No one knows what comes next. https://t.co/CUGY3gwPpC",32
432,The New York Times,2018-03-23 18:35:00+00:00,-0.4588,0.0,0.812,0.188,"@nytopinion @NickKristof In @NYTOpinion, 

Op-Ed Columnist @NickKristof writes, ""To finally defeat extreme poverty,‚Ä¶ https://t.co/pWs1bIBEjC",33
433,The New York Times,2018-03-23 18:30:06+00:00,-0.1027,0.0,0.931,0.069,We've been following your discussions on racial and religious bias in news coverage. Our journalists are open to yo‚Ä¶ https://t.co/hUYXo9q3sa,34
434,The New York Times,2018-03-23 18:20:05+00:00,-0.743,0.0,0.717,0.283,A 16-year-old girl critically injured in a shooting at a Maryland high school died after being taken off life suppo‚Ä¶ https://t.co/mEOh5bSuoy,35
435,The New York Times,2018-03-23 18:05:03+00:00,-0.743,0.0,0.704,0.296,"In @NYTOpinion, 

Op-Ed Columnist @NickKristof writes, ""To finally defeat extreme poverty, we have to tackle confli‚Ä¶ https://t.co/0ayeiQDH46",36
436,The New York Times,2018-03-23 17:50:10+00:00,0.6369,0.219,0.781,0.0,"Modern Love: If I couldn‚Äôt find Mr. Right, what about Mr. Quasi-Right augmented by a few others? https://t.co/kMfq4a68mR",37
437,The New York Times,2018-03-23 17:35:43+00:00,-0.5267,0.0,0.833,0.167,"Breaking News: President Trump signed the spending bill, averting a shutdown, hours after threatening to veto it. B‚Ä¶ https://t.co/IGRRQcvIXZ",38
438,The New York Times,2018-03-23 17:25:27+00:00,-0.6369,0.0,0.811,0.189,"The Sacramento Kings owner expressed his ‚Äúdeepest sympathies‚Äù to the family of Stephon Clark, who was fatally shot‚Ä¶ https://t.co/6ILZMJITR4",39
439,The New York Times,2018-03-23 17:10:09+00:00,0.0,0.0,1.0,0.0,"Iraq: 7 minutes
Jordan: 9 minutes
Romania: 12 minutes
Norway: 46 minutes
Afghanistan: 47 minutes
Sweden: 51 minutes
https://t.co/5FZtVaJwbS",40
440,The New York Times,2018-03-23 16:55:08+00:00,-0.8934,0.0,0.614,0.386,Anger over the murders of a reporter and his fianc√©e forced Slovakia's prime minister and other officials to step d‚Ä¶ https://t.co/c0sovP7t5F,41
441,The New York Times,2018-03-23 16:42:18+00:00,-0.34,0.0,0.888,0.112,"In the 6 months since Harvey, The New York Times followed several families as they struggled to rebuild their lives‚Ä¶ https://t.co/z5tbaUGWJj",42
442,The New York Times,2018-03-23 16:40:07+00:00,0.0,0.0,1.0,0.0,A new economy has arisen in the suburbs of Houston battered by Hurricane Harvey: the buying and selling of flooded‚Ä¶ https://t.co/WO68ktL3aX,43
443,The New York Times,2018-03-23 16:24:40+00:00,0.4215,0.167,0.833,0.0,"Around every corner and in every elevator, you‚Äôll find established and burgeoning talent https://t.co/6hTuQzdPgD https://t.co/UqgFNEv9Pc",44
444,The New York Times,2018-03-23 16:23:46+00:00,0.0,0.0,1.0,0.0,And watched Aaron Burr practice in the room where it happens https://t.co/6hTuQzdPgD https://t.co/iGplOjFPWW,45
445,The New York Times,2018-03-23 16:22:14+00:00,0.0,0.0,1.0,0.0,We met Elsa and Anna as they took a break for homework https://t.co/6hTuQzdPgD https://t.co/G9HguVLA8G,46
446,The New York Times,2018-03-23 16:20:15+00:00,0.4588,0.15,0.85,0.0,"Welcome to the New 42nd Street Studios, where some of Broadway‚Äôs biggest shows ‚Äî including ‚ÄúFrozen‚Äù and ‚ÄúHamilton‚Äù‚Ä¶ https://t.co/jOqoqf30CT",47
447,The New York Times,2018-03-23 16:10:13+00:00,-0.6705,0.0,0.824,0.176,"An armed man who killed 3 people in a supermarket in France, claiming to be acting on behalf of ISIS, was shot dead‚Ä¶ https://t.co/sG7DPvbvNy",48
448,The New York Times,2018-03-23 15:55:06+00:00,0.0,0.0,1.0,0.0,Make Mark Bittman's spaghetti pie https://t.co/Fhdf0K8Pxa https://t.co/8Dbk2jAgSI,49
449,The New York Times,2018-03-23 15:40:06+00:00,0.34,0.124,0.876,0.0,"A PAC led by John Bolton, the next national security adviser, hired Cambridge Analytica for voter profiling, knowin‚Ä¶ https://t.co/bGnWNkattz",50
450,The New York Times,2018-03-23 15:25:34+00:00,0.3182,0.141,0.859,0.0,"40% of Americans were obese in 2015 and 2016, a sharp increase from a decade earlier https://t.co/v3o9efVw4n",51
451,The New York Times,2018-03-23 15:11:43+00:00,-0.296,0.0,0.804,0.196,RT @karenyourish: All the major Trump firings and resignations: https://t.co/I6fxKB6cLA,52
452,The New York Times,2018-03-23 15:00:08+00:00,-0.5106,0.0,0.815,0.185,Over 800 protests for stricter gun laws are planned for Saturday in the U.S. and in countries around the world https://t.co/O1xXOykGfJ,53
453,The New York Times,2018-03-23 14:45:02+00:00,0.3832,0.21,0.701,0.088,John Bolton's ascension to national security adviser creates the most aggressive foreign policy team around the Ame‚Ä¶ https://t.co/GuRHYWI7QW,54
454,The New York Times,2018-03-23 14:31:04+00:00,0.0,0.0,1.0,0.0,Blue passports were meant to be a symbol of post-Brexit Britain. They're coming ‚Äî but they'll be coming from France. https://t.co/UEHSqF3Wod,55
455,The New York Times,2018-03-23 14:15:09+00:00,0.3612,0.263,0.737,0.0,10 new books we recommend this week https://t.co/95z0PxQkho,56
456,The New York Times,2018-03-23 13:59:03+00:00,0.0,0.0,1.0,0.0,"John Bolton's political committee was one of the earliest customers of Cambridge Analytica, which it hired specific‚Ä¶ https://t.co/uuD7rKh4EI",57
457,The New York Times,2018-03-23 13:45:04+00:00,0.7096,0.258,0.742,0.0,"RT @nytimesworld: Intellectual property, which underpins technology and innovation, has become the latest point of contention in global tra‚Ä¶",58
458,The New York Times,2018-03-23 13:30:15+00:00,-0.5267,0.0,0.833,0.167,Breaking News: President Trump said he may veto the spending bill because it neglected his immigration priorities.‚Ä¶ https://t.co/qWxvnylMZg,59
459,The New York Times,2018-03-23 13:29:04+00:00,0.0,0.0,1.0,0.0,"""This is just what America needs: The thrilla in vanilla,"" Seth Meyers said. Our late-night roundup: https://t.co/VCswTaUg9Q",60
460,The New York Times,2018-03-23 13:08:42+00:00,-0.34,0.0,0.893,0.107,"Breaking News: An armed man opened fire and took hostages in a supermarket in France, claiming to be acting on beha‚Ä¶ https://t.co/29pCnZYCbv",61
461,The New York Times,2018-03-23 13:00:31+00:00,0.0,0.0,1.0,0.0,Morning Briefing: Here's what you need to know to start your day https://t.co/yJwtr8lLUt https://t.co/nn0hbhEVq8,62
462,The New York Times,2018-03-23 12:51:19+00:00,0.0,0.0,1.0,0.0,"""Hamilton,"" ""Frozen"" and many Broadway shows all rehearse in one building in New York City. We take you behind the‚Ä¶ https://t.co/KM7CVBp62M",63
463,The New York Times,2018-03-23 12:41:03+00:00,-0.836,0.0,0.643,0.357,A firefighter was killed and two others were seriously injured by a blaze at a Harlem building being used as a movi‚Ä¶ https://t.co/Rgr6LDzv1c,64
464,The New York Times,2018-03-23 12:35:00+00:00,-0.6908,0.0,0.802,0.198,"""All of the information we have at the moment suggests that this is a terrorist attack,"" the French prime minister‚Ä¶ https://t.co/U8vxwaymSY",65
465,The New York Times,2018-03-23 12:30:02+00:00,-0.5994,0.122,0.549,0.329,European leaders issued a relatively tough statement effectively blaming Moscow for the nerve agent attack on a for‚Ä¶ https://t.co/CQsSK3XD8b,66
466,The New York Times,2018-03-23 12:20:05+00:00,0.0,0.0,1.0,0.0,"In an NYT interview in 2002, John Bolton was asked about the Bush administration's stance on North Korea. He grabbe‚Ä¶ https://t.co/ztoVgBJmcV",67
467,The New York Times,2018-03-23 12:11:01+00:00,-0.3612,0.089,0.751,0.16,"Your daily @DealBook Briefing:

‚Ä¢ China is threatening tariffs on $3 billion worth of U.S. goods.

‚Ä¢ Congress passe‚Ä¶ https://t.co/ZTGrG4LzdH",68
468,The New York Times,2018-03-23 11:58:45+00:00,-0.5574,0.0,0.841,0.159,"A police operation is underway in Tr√®bes, in the southwest of France, after reports that a gunman had fired shots a‚Ä¶ https://t.co/eAF5r3ecB5",69
469,The New York Times,2018-03-23 11:46:04+00:00,0.0,0.0,1.0,0.0,"The Austin bombings have stoked the raw racial, economic, political and geographical divisions that continue to sha‚Ä¶ https://t.co/nmrUhKFJ5Z",70
470,The New York Times,2018-03-23 11:30:09+00:00,-0.7579,0.0,0.735,0.265,"More than 150 whales became stranded on a Western Australia beach, officials said. Poor weather and the threat of f‚Ä¶ https://t.co/iBCBfAlfG4",71
471,The New York Times,2018-03-23 11:20:02+00:00,-0.2732,0.129,0.691,0.18,A brewing trade war between China and the United States sent markets reeling across Asia and Europe https://t.co/ZO5WHlNkar,72
472,The New York Times,2018-03-23 11:10:06+00:00,0.6369,0.174,0.826,0.0,"For decades, Americans have believed that the best way to end racial inequality is to end class inequality. But a l‚Ä¶ https://t.co/hAjMjkpJ2c",73
473,The New York Times,2018-03-23 11:00:08+00:00,-0.5574,0.0,0.833,0.167,"A firefighter died after responding to a blaze at a building in Harlem that was being used for the film ""Motherless‚Ä¶ https://t.co/WKQL7uqp6a",74
474,The New York Times,2018-03-23 10:50:04+00:00,-0.0772,0.095,0.796,0.109,"China announced that it would impose tariffs on $3 billion worth of American-produced goods, hours after President‚Ä¶ https://t.co/5BcgZoFWz3",75
475,The New York Times,2018-03-23 10:40:04+00:00,-0.5267,0.0,0.866,0.134,"""My daughter was hurt by a boy who shot her in the head and took everything from our lives,"" her mother said. ""She‚Ä¶ https://t.co/OJxLMvAbVK",76
476,The New York Times,2018-03-23 10:30:10+00:00,0.0,0.0,1.0,0.0,"In Opinion

Op-Ed columnist @FrankBruni writes: You would choose a pilot who had flown 999 flights over one with ni‚Ä¶ https://t.co/RUyygfxZMS",77
477,The New York Times,2018-03-23 10:21:02+00:00,0.4588,0.13,0.87,0.0,"The halo, a head protection system, will appear on racecars for the first time in a Formula One grand prix on Sunda‚Ä¶ https://t.co/JEczmwYJr2",78
478,The New York Times,2018-03-23 10:11:03+00:00,-0.1027,0.0,0.935,0.065,"President Trump put China squarely in his cross hairs on Thursday, imposing tariffs on as much as $60 billion worth‚Ä¶ https://t.co/fI7ZC9RT37",79
479,The New York Times,2018-03-23 10:04:04+00:00,0.0,0.0,1.0,0.0,Morning¬†Briefing: Here's what you need to know to start your day https://t.co/7GuzRTp5Nn https://t.co/wTLS3T8zJ0,80
480,The New York Times,2018-03-23 09:45:03+00:00,-0.2732,0.115,0.681,0.204,"John Dowd, who resigned as President Trump's lead lawyer for the special counsel investigation, broke with Trump ov‚Ä¶ https://t.co/929RrsDtjh",81
481,The New York Times,2018-03-23 09:33:06+00:00,0.6249,0.186,0.814,0.0,"Floating between California and Hawaii, the ""Great Pacific Garbage Patch"" is up to 16 times bigger than previously‚Ä¶ https://t.co/74CV7TOV6S",82
482,The New York Times,2018-03-23 09:16:02+00:00,0.0,0.0,1.0,0.0,"""You don't catch a ride with your thumb. You catch it with a smile."" https://t.co/UF5b0vKYgh",83
483,The New York Times,2018-03-23 09:00:04+00:00,-0.4019,0.0,0.837,0.163,"""The Trump-Bolton team then will ramp up pressure. And we will hear more talk about a pre-emptive strike and see te‚Ä¶ https://t.co/BfISNVrj5S",84
484,The New York Times,2018-03-23 08:45:05+00:00,0.0,0.0,1.0,0.0,"‚ÄúThis is a wake-up call for the government,‚Äù said the secretary general of France's second-largest railway union https://t.co/torW97uS2K",85
485,The New York Times,2018-03-23 08:31:07+00:00,-0.7184,0.0,0.727,0.273,"There is every risk that Turkey could find itself embroiled in a guerrilla war in Syria, @carlottagall writes https://t.co/zYfh7Eop0j",86
486,The New York Times,2018-03-23 08:14:01+00:00,-0.296,0.0,0.845,0.155,All the major firings and resignations in the Trump administration ‚Äî so far https://t.co/cs0Xp8nJA9,87
487,The New York Times,2018-03-23 08:00:12+00:00,-0.0772,0.09,0.806,0.104,"China announced that it planned to impose tariffs on $3 billion worth of American-produced fruit, pork, wine, seaml‚Ä¶ https://t.co/lwdXDqLDKe",88
488,The New York Times,2018-03-23 07:46:04+00:00,-0.25,0.0,0.9,0.1,"After 110 days alone at sea, 71-year-old Aleksander Doba finally completed his mission to kayak across the Atlantic‚Ä¶ https://t.co/dzVrCZcfRM",89
489,The New York Times,2018-03-23 07:32:05+00:00,0.0,0.0,1.0,0.0,Blue passports were meant to be a symbol of post-Brexit Britain. They're coming  ‚Äî but they'll be coming from Franc‚Ä¶ https://t.co/WxHSZG7208,90
490,The New York Times,2018-03-23 07:16:03+00:00,0.8271,0.293,0.707,0.0,"RT @nytimesworld: 44 African countries sign on to a free trade pact, which would create the biggest free trade zone since the World Trade O‚Ä¶",91
491,The New York Times,2018-03-23 07:02:00+00:00,-0.5267,0.0,0.794,0.206,Trump says getting tough on Chinese trade will empower the U.S. Experts worry it will do the opposite. https://t.co/qh7nyimzI0,92
492,The New York Times,2018-03-23 06:41:04+00:00,-0.7579,0.0,0.727,0.273,"RT @nytopinion: We can blame Facebook and Cambridge Analytica for the damage they‚Äôve done, but the responsibility lies with all of us. http‚Ä¶",93
493,The New York Times,2018-03-23 06:21:04+00:00,0.1027,0.065,0.935,0.0,The U.S. will initially exempt key allies from its blanket steel and aluminum tariffs. But that will limit the impa‚Ä¶ https://t.co/t2DqeHbIqC,94
494,The New York Times,2018-03-23 05:58:25+00:00,0.0243,0.148,0.71,0.142,"Untangling yourself from a site like Facebook is not as easy as pressing ""delete"" https://t.co/fxZk2rVrNV",95
495,The New York Times,2018-03-23 05:41:02+00:00,0.0,0.0,1.0,0.0,RT @EricAsimov: On the greatness of everyday wines. https://t.co/1jVcfr6afK,96
496,The New York Times,2018-03-23 05:28:53+00:00,0.0,0.0,1.0,0.0,"Responding to Trump, China Plans New Tariffs on U.S. Goods https://t.co/90hes0sRz9",97
497,The New York Times,2018-03-23 05:21:06+00:00,0.0243,0.148,0.71,0.142,Untangling yourself from a site like Facebook is not as easy as pressing ‚Äúdelete‚Äù https://t.co/Ac0v7lsKYB,98
498,The New York Times,2018-03-23 05:02:04+00:00,0.5994,0.252,0.675,0.074,RT @Watching: Catch these great movies before they leave Netflix in April https://t.co/XJMn5Pv91w,99
499,The New York Times,2018-03-23 04:47:04+00:00,0.2023,0.141,0.859,0.0,Greenhouse gas emissions rose last year. Here are the top 5 reasons. https://t.co/UhLQrmb0LD,100
